min_support,min_confidence,min_lift,TopK,RulesAvailable,RulesSelected,AvgLift,AvgConfidence,AvgSupport,ActivationProxyMean,RuleQualityScore
0.01,0.2,1,50,2445,50,71.31557207042255,0.9038275877024384,0.01067088396870318,0.011821763498141059,64.4569814700294
0.01,0.2,1,100,2445,100,58.415602045847784,0.8279985255663007,0.011210254702846676,0.01391543199600466,48.368032364029744
0.01,0.2,1,150,2445,150,48.657654609735204,0.7560735238096832,0.011576124151452935,0.016102695003976843,36.78876438109697
0.01,0.2,1,200,2445,200,42.20957458661273,0.7271564857166892,0.011647522335053548,0.017116419732534263,30.69296591999779
0.01,0.2,1,250,2445,250,37.51389115396323,0.7092871278928585,0.01181355085733311,0.017741745741079853,26.60812011267989
0.01,0.2,1,300,2445,300,34.1841616298611,0.6971786763721731,0.012005808038769585,0.018301426113978135,23.83246855799899
0.01,0.2,1,400,2445,400,29.73211822023125,0.6805122877609436,0.012313689584373786,0.019295266633372176,20.233071790028404
0.01,0.2,1,500,2445,500,26.754209299517505,0.663406094592109,0.012650796293213475,0.020445147328117197,17.748905505292793
0.01,0.2,2,50,2429,50,71.31557207042255,0.9038275877024384,0.01067088396870318,0.011821763498141059,64.4569814700294
0.01,0.2,2,100,2429,100,58.415602045847784,0.8279985255663007,0.011210254702846676,0.01391543199600466,48.368032364029744
0.01,0.2,2,150,2429,150,48.657654609735204,0.7560735238096832,0.011576124151452935,0.016102695003976843,36.78876438109697
0.01,0.2,2,200,2429,200,42.20957458661273,0.7271564857166892,0.011647522335053548,0.017116419732534263,30.69296591999779
0.01,0.2,2,250,2429,250,37.51389115396323,0.7092871278928585,0.01181355085733311,0.017741745741079853,26.60812011267989
0.01,0.2,2,300,2429,300,34.1841616298611,0.6971786763721731,0.012005808038769585,0.018301426113978135,23.83246855799899
0.01,0.2,2,400,2429,400,29.73211822023125,0.6805122877609436,0.012313689584373786,0.019295266633372176,20.233071790028404
0.01,0.2,2,500,2429,500,26.754209299517505,0.663406094592109,0.012650796293213475,0.020445147328117197,17.748905505292793
0.01,0.2,3,50,2302,50,71.31557207042255,0.9038275877024384,0.01067088396870318,0.011821763498141059,64.4569814700294
0.01,0.2,3,100,2302,100,58.415602045847784,0.8279985255663007,0.011210254702846676,0.01391543199600466,48.368032364029744
0.01,0.2,3,150,2302,150,48.657654609735204,0.7560735238096832,0.011576124151452935,0.016102695003976843,36.78876438109697
0.01,0.2,3,200,2302,200,42.20957458661273,0.7271564857166892,0.011647522335053548,0.017116419732534263,30.69296591999779
0.01,0.2,3,250,2302,250,37.51389115396323,0.7092871278928585,0.01181355085733311,0.017741745741079853,26.60812011267989
0.01,0.2,3,300,2302,300,34.1841616298611,0.6971786763721731,0.012005808038769585,0.018301426113978135,23.83246855799899
0.01,0.2,3,400,2302,400,29.73211822023125,0.6805122877609436,0.012313689584373786,0.019295266633372176,20.233071790028404
0.01,0.2,3,500,2302,500,26.754209299517505,0.663406094592109,0.012650796293213475,0.020445147328117197,17.748905505292793
0.01,0.2,4,50,2158,50,71.31557207042255,0.9038275877024384,0.01067088396870318,0.011821763498141059,64.4569814700294
0.01,0.2,4,100,2158,100,58.415602045847784,0.8279985255663007,0.011210254702846676,0.01391543199600466,48.368032364029744
0.01,0.2,4,150,2158,150,48.657654609735204,0.7560735238096832,0.011576124151452935,0.016102695003976843,36.78876438109697
0.01,0.2,4,200,2158,200,42.20957458661273,0.7271564857166892,0.011647522335053548,0.017116419732534263,30.69296591999779
0.01,0.2,4,250,2158,250,37.51389115396323,0.7092871278928585,0.01181355085733311,0.017741745741079853,26.60812011267989
0.01,0.2,4,300,2158,300,34.1841616298611,0.6971786763721731,0.012005808038769585,0.018301426113978135,23.83246855799899
0.01,0.2,4,400,2158,400,29.73211822023125,0.6805122877609436,0.012313689584373786,0.019295266633372176,20.233071790028404
0.01,0.2,4,500,2158,500,26.754209299517505,0.663406094592109,0.012650796293213475,0.020445147328117197,17.748905505292793
0.01,0.2,5,50,2021,50,71.31557207042255,0.9038275877024384,0.01067088396870318,0.011821763498141059,64.4569814700294
0.01,0.2,5,100,2021,100,58.415602045847784,0.8279985255663007,0.011210254702846676,0.01391543199600466,48.368032364029744
0.01,0.2,5,150,2021,150,48.657654609735204,0.7560735238096832,0.011576124151452935,0.016102695003976843,36.78876438109697
0.01,0.2,5,200,2021,200,42.20957458661273,0.7271564857166892,0.011647522335053548,0.017116419732534263,30.69296591999779
0.01,0.2,5,250,2021,250,37.51389115396323,0.7092871278928585,0.01181355085733311,0.017741745741079853,26.60812011267989
0.01,0.2,5,300,2021,300,34.1841616298611,0.6971786763721731,0.012005808038769585,0.018301426113978135,23.83246855799899
0.01,0.2,5,400,2021,400,29.73211822023125,0.6805122877609436,0.012313689584373786,0.019295266633372176,20.233071790028404
0.01,0.2,5,500,2021,500,26.754209299517505,0.663406094592109,0.012650796293213475,0.020445147328117197,17.748905505292793
0.01,0.2,6,50,1820,50,71.31557207042255,0.9038275877024384,0.01067088396870318,0.011821763498141059,64.4569814700294
0.01,0.2,6,100,1820,100,58.415602045847784,0.8279985255663007,0.011210254702846676,0.01391543199600466,48.368032364029744
0.01,0.2,6,150,1820,150,48.657654609735204,0.7560735238096832,0.011576124151452935,0.016102695003976843,36.78876438109697
0.01,0.2,6,200,1820,200,42.20957458661273,0.7271564857166892,0.011647522335053548,0.017116419732534263,30.69296591999779
0.01,0.2,6,250,1820,250,37.51389115396323,0.7092871278928585,0.01181355085733311,0.017741745741079853,26.60812011267989
0.01,0.2,6,300,1820,300,34.1841616298611,0.6971786763721731,0.012005808038769585,0.018301426113978135,23.83246855799899
0.01,0.2,6,400,1820,400,29.73211822023125,0.6805122877609436,0.012313689584373786,0.019295266633372176,20.233071790028404
0.01,0.2,6,500,1820,500,26.754209299517505,0.663406094592109,0.012650796293213475,0.020445147328117197,17.748905505292793
0.01,0.2,7,50,1570,50,71.31557207042255,0.9038275877024384,0.01067088396870318,0.011821763498141059,64.4569814700294
0.01,0.2,7,100,1570,100,58.415602045847784,0.8279985255663007,0.011210254702846676,0.01391543199600466,48.368032364029744
0.01,0.2,7,150,1570,150,48.657654609735204,0.7560735238096832,0.011576124151452935,0.016102695003976843,36.78876438109697
0.01,0.2,7,200,1570,200,42.20957458661273,0.7271564857166892,0.011647522335053548,0.017116419732534263,30.69296591999779
0.01,0.2,7,250,1570,250,37.51389115396323,0.7092871278928585,0.01181355085733311,0.017741745741079853,26.60812011267989
0.01,0.2,7,300,1570,300,34.1841616298611,0.6971786763721731,0.012005808038769585,0.018301426113978135,23.83246855799899
0.01,0.2,7,400,1570,400,29.73211822023125,0.6805122877609436,0.012313689584373786,0.019295266633372176,20.233071790028404
0.01,0.2,7,500,1570,500,26.754209299517505,0.663406094592109,0.012650796293213475,0.020445147328117197,17.748905505292793
0.01,0.2,8,50,1309,50,71.31557207042255,0.9038275877024384,0.01067088396870318,0.011821763498141059,64.4569814700294
0.01,0.2,8,100,1309,100,58.415602045847784,0.8279985255663007,0.011210254702846676,0.01391543199600466,48.368032364029744
0.01,0.2,8,150,1309,150,48.657654609735204,0.7560735238096832,0.011576124151452935,0.016102695003976843,36.78876438109697
0.01,0.2,8,200,1309,200,42.20957458661273,0.7271564857166892,0.011647522335053548,0.017116419732534263,30.69296591999779
0.01,0.2,8,250,1309,250,37.51389115396323,0.7092871278928585,0.01181355085733311,0.017741745741079853,26.60812011267989
0.01,0.2,8,300,1309,300,34.1841616298611,0.6971786763721731,0.012005808038769585,0.018301426113978135,23.83246855799899
0.01,0.2,8,400,1309,400,29.73211822023125,0.6805122877609436,0.012313689584373786,0.019295266633372176,20.233071790028404
0.01,0.2,8,500,1309,500,26.754209299517505,0.663406094592109,0.012650796293213475,0.020445147328117197,17.748905505292793
0.01,0.2,9,50,1104,50,71.31557207042255,0.9038275877024384,0.01067088396870318,0.011821763498141059,64.4569814700294
0.01,0.2,9,100,1104,100,58.415602045847784,0.8279985255663007,0.011210254702846676,0.01391543199600466,48.368032364029744
0.01,0.2,9,150,1104,150,48.657654609735204,0.7560735238096832,0.011576124151452935,0.016102695003976843,36.78876438109697
0.01,0.2,9,200,1104,200,42.20957458661273,0.7271564857166892,0.011647522335053548,0.017116419732534263,30.69296591999779
0.01,0.2,9,250,1104,250,37.51389115396323,0.7092871278928585,0.01181355085733311,0.017741745741079853,26.60812011267989
0.01,0.2,9,300,1104,300,34.1841616298611,0.6971786763721731,0.012005808038769585,0.018301426113978135,23.83246855799899
0.01,0.2,9,400,1104,400,29.73211822023125,0.6805122877609436,0.012313689584373786,0.019295266633372176,20.233071790028404
0.01,0.2,9,500,1104,500,26.754209299517505,0.663406094592109,0.012650796293213475,0.020445147328117197,17.748905505292793
0.01,0.2,10,50,883,50,71.31557207042255,0.9038275877024384,0.01067088396870318,0.011821763498141059,64.4569814700294
0.01,0.2,10,100,883,100,58.415602045847784,0.8279985255663007,0.011210254702846676,0.01391543199600466,48.368032364029744
0.01,0.2,10,150,883,150,48.657654609735204,0.7560735238096832,0.011576124151452935,0.016102695003976843,36.78876438109697
0.01,0.2,10,200,883,200,42.20957458661273,0.7271564857166892,0.011647522335053548,0.017116419732534263,30.69296591999779
0.01,0.2,10,250,883,250,37.51389115396323,0.7092871278928585,0.01181355085733311,0.017741745741079853,26.60812011267989
0.01,0.2,10,300,883,300,34.1841616298611,0.6971786763721731,0.012005808038769585,0.018301426113978135,23.83246855799899
0.01,0.2,10,400,883,400,29.73211822023125,0.6805122877609436,0.012313689584373786,0.019295266633372176,20.233071790028404
0.01,0.2,10,500,883,500,26.754209299517505,0.663406094592109,0.012650796293213475,0.020445147328117197,17.748905505292793
0.01,0.3,1,50,1794,50,71.31557207042255,0.9038275877024384,0.01067088396870318,0.011821763498141059,64.4569814700294
0.01,0.3,1,100,1794,100,58.415602045847784,0.8279985255663007,0.011210254702846676,0.01391543199600466,48.368032364029744
0.01,0.3,1,150,1794,150,48.657654609735204,0.7560735238096832,0.011576124151452935,0.016102695003976843,36.78876438109697
0.01,0.3,1,200,1794,200,42.185252374812954,0.7296587542188138,0.011647522335053548,0.016991565395926972,30.780838694212274
0.01,0.3,1,250,1794,250,37.486088160954246,0.7109620059074859,0.011809999445091836,0.01764341601464958,26.65118443253689
0.01,0.3,1,300,1794,300,34.155449268965796,0.6990828797854753,0.012004698222444186,0.018169542940643324,23.877489835315316
0.01,0.3,1,400,1794,400,29.697415434686437,0.6825835805656275,0.012353226790966097,0.019211475500804615,20.2709681609532
0.01,0.3,1,500,1794,500,26.707446091341705,0.6679571064809343,0.01268753121358415,0.02021064313856057,17.839428412668145
0.01,0.3,2,50,1794,50,71.31557207042255,0.9038275877024384,0.01067088396870318,0.011821763498141059,64.4569814700294
0.01,0.3,2,100,1794,100,58.415602045847784,0.8279985255663007,0.011210254702846676,0.01391543199600466,48.368032364029744
0.01,0.3,2,150,1794,150,48.657654609735204,0.7560735238096832,0.011576124151452935,0.016102695003976843,36.78876438109697
0.01,0.3,2,200,1794,200,42.185252374812954,0.7296587542188138,0.011647522335053548,0.016991565395926972,30.780838694212274
0.01,0.3,2,250,1794,250,37.486088160954246,0.7109620059074859,0.011809999445091836,0.01764341601464958,26.65118443253689
0.01,0.3,2,300,1794,300,34.155449268965796,0.6990828797854753,0.012004698222444186,0.018169542940643324,23.877489835315316
0.01,0.3,2,400,1794,400,29.697415434686437,0.6825835805656275,0.012353226790966097,0.019211475500804615,20.2709681609532
0.01,0.3,2,500,1794,500,26.707446091341705,0.6679571064809343,0.01268753121358415,0.02021064313856057,17.839428412668145
0.01,0.3,3,50,1773,50,71.31557207042255,0.9038275877024384,0.01067088396870318,0.011821763498141059,64.4569814700294
0.01,0.3,3,100,1773,100,58.415602045847784,0.8279985255663007,0.011210254702846676,0.01391543199600466,48.368032364029744
0.01,0.3,3,150,1773,150,48.657654609735204,0.7560735238096832,0.011576124151452935,0.016102695003976843,36.78876438109697
0.01,0.3,3,200,1773,200,42.185252374812954,0.7296587542188138,0.011647522335053548,0.016991565395926972,30.780838694212274
0.01,0.3,3,250,1773,250,37.486088160954246,0.7109620059074859,0.011809999445091836,0.01764341601464958,26.65118443253689
0.01,0.3,3,300,1773,300,34.155449268965796,0.6990828797854753,0.012004698222444186,0.018169542940643324,23.877489835315316
0.01,0.3,3,400,1773,400,29.697415434686437,0.6825835805656275,0.012353226790966097,0.019211475500804615,20.2709681609532
0.01,0.3,3,500,1773,500,26.707446091341705,0.6679571064809343,0.01268753121358415,0.02021064313856057,17.839428412668145
0.01,0.3,4,50,1722,50,71.31557207042255,0.9038275877024384,0.01067088396870318,0.011821763498141059,64.4569814700294
0.01,0.3,4,100,1722,100,58.415602045847784,0.8279985255663007,0.011210254702846676,0.01391543199600466,48.368032364029744
0.01,0.3,4,150,1722,150,48.657654609735204,0.7560735238096832,0.011576124151452935,0.016102695003976843,36.78876438109697
0.01,0.3,4,200,1722,200,42.185252374812954,0.7296587542188138,0.011647522335053548,0.016991565395926972,30.780838694212274
0.01,0.3,4,250,1722,250,37.486088160954246,0.7109620059074859,0.011809999445091836,0.01764341601464958,26.65118443253689
0.01,0.3,4,300,1722,300,34.155449268965796,0.6990828797854753,0.012004698222444186,0.018169542940643324,23.877489835315316
0.01,0.3,4,400,1722,400,29.697415434686437,0.6825835805656275,0.012353226790966097,0.019211475500804615,20.2709681609532
0.01,0.3,4,500,1722,500,26.707446091341705,0.6679571064809343,0.01268753121358415,0.02021064313856057,17.839428412668145
0.01,0.3,5,50,1684,50,71.31557207042255,0.9038275877024384,0.01067088396870318,0.011821763498141059,64.4569814700294
0.01,0.3,5,100,1684,100,58.415602045847784,0.8279985255663007,0.011210254702846676,0.01391543199600466,48.368032364029744
0.01,0.3,5,150,1684,150,48.657654609735204,0.7560735238096832,0.011576124151452935,0.016102695003976843,36.78876438109697
0.01,0.3,5,200,1684,200,42.185252374812954,0.7296587542188138,0.011647522335053548,0.016991565395926972,30.780838694212274
0.01,0.3,5,250,1684,250,37.486088160954246,0.7109620059074859,0.011809999445091836,0.01764341601464958,26.65118443253689
0.01,0.3,5,300,1684,300,34.155449268965796,0.6990828797854753,0.012004698222444186,0.018169542940643324,23.877489835315316
0.01,0.3,5,400,1684,400,29.697415434686437,0.6825835805656275,0.012353226790966097,0.019211475500804615,20.2709681609532
0.01,0.3,5,500,1684,500,26.707446091341705,0.6679571064809343,0.01268753121358415,0.02021064313856057,17.839428412668145
0.01,0.3,6,50,1609,50,71.31557207042255,0.9038275877024384,0.01067088396870318,0.011821763498141059,64.4569814700294
0.01,0.3,6,100,1609,100,58.415602045847784,0.8279985255663007,0.011210254702846676,0.01391543199600466,48.368032364029744
0.01,0.3,6,150,1609,150,48.657654609735204,0.7560735238096832,0.011576124151452935,0.016102695003976843,36.78876438109697
0.01,0.3,6,200,1609,200,42.185252374812954,0.7296587542188138,0.011647522335053548,0.016991565395926972,30.780838694212274
0.01,0.3,6,250,1609,250,37.486088160954246,0.7109620059074859,0.011809999445091836,0.01764341601464958,26.65118443253689
0.01,0.3,6,300,1609,300,34.155449268965796,0.6990828797854753,0.012004698222444186,0.018169542940643324,23.877489835315316
0.01,0.3,6,400,1609,400,29.697415434686437,0.6825835805656275,0.012353226790966097,0.019211475500804615,20.2709681609532
0.01,0.3,6,500,1609,500,26.707446091341705,0.6679571064809343,0.01268753121358415,0.02021064313856057,17.839428412668145
0.01,0.3,7,50,1432,50,71.31557207042255,0.9038275877024384,0.01067088396870318,0.011821763498141059,64.4569814700294
0.01,0.3,7,100,1432,100,58.415602045847784,0.8279985255663007,0.011210254702846676,0.01391543199600466,48.368032364029744
0.01,0.3,7,150,1432,150,48.657654609735204,0.7560735238096832,0.011576124151452935,0.016102695003976843,36.78876438109697
0.01,0.3,7,200,1432,200,42.185252374812954,0.7296587542188138,0.011647522335053548,0.016991565395926972,30.780838694212274
0.01,0.3,7,250,1432,250,37.486088160954246,0.7109620059074859,0.011809999445091836,0.01764341601464958,26.65118443253689
0.01,0.3,7,300,1432,300,34.155449268965796,0.6990828797854753,0.012004698222444186,0.018169542940643324,23.877489835315316
0.01,0.3,7,400,1432,400,29.697415434686437,0.6825835805656275,0.012353226790966097,0.019211475500804615,20.2709681609532
0.01,0.3,7,500,1432,500,26.707446091341705,0.6679571064809343,0.01268753121358415,0.02021064313856057,17.839428412668145
0.01,0.3,8,50,1222,50,71.31557207042255,0.9038275877024384,0.01067088396870318,0.011821763498141059,64.4569814700294
0.01,0.3,8,100,1222,100,58.415602045847784,0.8279985255663007,0.011210254702846676,0.01391543199600466,48.368032364029744
0.01,0.3,8,150,1222,150,48.657654609735204,0.7560735238096832,0.011576124151452935,0.016102695003976843,36.78876438109697
0.01,0.3,8,200,1222,200,42.185252374812954,0.7296587542188138,0.011647522335053548,0.016991565395926972,30.780838694212274
0.01,0.3,8,250,1222,250,37.486088160954246,0.7109620059074859,0.011809999445091836,0.01764341601464958,26.65118443253689
0.01,0.3,8,300,1222,300,34.155449268965796,0.6990828797854753,0.012004698222444186,0.018169542940643324,23.877489835315316
0.01,0.3,8,400,1222,400,29.697415434686437,0.6825835805656275,0.012353226790966097,0.019211475500804615,20.2709681609532
0.01,0.3,8,500,1222,500,26.707446091341705,0.6679571064809343,0.01268753121358415,0.02021064313856057,17.839428412668145
0.01,0.3,9,50,1049,50,71.31557207042255,0.9038275877024384,0.01067088396870318,0.011821763498141059,64.4569814700294
0.01,0.3,9,100,1049,100,58.415602045847784,0.8279985255663007,0.011210254702846676,0.01391543199600466,48.368032364029744
0.01,0.3,9,150,1049,150,48.657654609735204,0.7560735238096832,0.011576124151452935,0.016102695003976843,36.78876438109697
0.01,0.3,9,200,1049,200,42.185252374812954,0.7296587542188138,0.011647522335053548,0.016991565395926972,30.780838694212274
0.01,0.3,9,250,1049,250,37.486088160954246,0.7109620059074859,0.011809999445091836,0.01764341601464958,26.65118443253689
0.01,0.3,9,300,1049,300,34.155449268965796,0.6990828797854753,0.012004698222444186,0.018169542940643324,23.877489835315316
0.01,0.3,9,400,1049,400,29.697415434686437,0.6825835805656275,0.012353226790966097,0.019211475500804615,20.2709681609532
0.01,0.3,9,500,1049,500,26.707446091341705,0.6679571064809343,0.01268753121358415,0.02021064313856057,17.839428412668145
0.01,0.3,10,50,840,50,71.31557207042255,0.9038275877024384,0.01067088396870318,0.011821763498141059,64.4569814700294
0.01,0.3,10,100,840,100,58.415602045847784,0.8279985255663007,0.011210254702846676,0.01391543199600466,48.368032364029744
0.01,0.3,10,150,840,150,48.657654609735204,0.7560735238096832,0.011576124151452935,0.016102695003976843,36.78876438109697
0.01,0.3,10,200,840,200,42.185252374812954,0.7296587542188138,0.011647522335053548,0.016991565395926972,30.780838694212274
0.01,0.3,10,250,840,250,37.486088160954246,0.7109620059074859,0.011809999445091836,0.01764341601464958,26.65118443253689
0.01,0.3,10,300,840,300,34.155449268965796,0.6990828797854753,0.012004698222444186,0.018169542940643324,23.877489835315316
0.01,0.3,10,400,840,400,29.697415434686437,0.6825835805656275,0.012353226790966097,0.019211475500804615,20.2709681609532
0.01,0.3,10,500,840,500,26.707446091341705,0.6679571064809343,0.01268753121358415,0.02021064313856057,17.839428412668145
0.01,0.4,1,50,1349,50,71.31557207042255,0.9038275877024384,0.01067088396870318,0.011821763498141059,64.4569814700294
0.01,0.4,1,100,1349,100,58.415602045847784,0.8279985255663007,0.011210254702846676,0.01391543199600466,48.368032364029744
0.01,0.4,1,150,1349,150,48.63435092919696,0.757990394724716,0.011598690416736031,0.01605608271831012,36.86437085800236
0.01,0.4,1,200,1349,200,42.1287291193342,0.7336992413033563,0.011636701625880916,0.016783752288996173,30.909816591930117
0.01,0.4,1,250,1349,250,37.41129521754345,0.716080095302126,0.01181399478386327,0.017388158259808006,26.789483844754482
0.01,0.4,1,300,1349,300,34.076106519652285,0.7040332503626555,0.012040582283632058,0.0179843885836894,23.990712032734876
0.01,0.4,1,400,1349,400,29.59506477831349,0.6951209317039435,0.012336302092003773,0.018621053215692802,20.572149002539835
0.01,0.4,1,500,1349,500,26.55792326059469,0.6768551500530524,0.012830475556295433,0.01993540868986183,17.97586713364727
0.01,0.4,2,50,1349,50,71.31557207042255,0.9038275877024384,0.01067088396870318,0.011821763498141059,64.4569814700294
0.01,0.4,2,100,1349,100,58.415602045847784,0.8279985255663007,0.011210254702846676,0.01391543199600466,48.368032364029744
0.01,0.4,2,150,1349,150,48.63435092919696,0.757990394724716,0.011598690416736031,0.01605608271831012,36.86437085800236
0.01,0.4,2,200,1349,200,42.1287291193342,0.7336992413033563,0.011636701625880916,0.016783752288996173,30.909816591930117
0.01,0.4,2,250,1349,250,37.41129521754345,0.716080095302126,0.01181399478386327,0.017388158259808006,26.789483844754482
0.01,0.4,2,300,1349,300,34.076106519652285,0.7040332503626555,0.012040582283632058,0.0179843885836894,23.990712032734876
0.01,0.4,2,400,1349,400,29.59506477831349,0.6951209317039435,0.012336302092003773,0.018621053215692802,20.572149002539835
0.01,0.4,2,500,1349,500,26.55792326059469,0.6768551500530524,0.012830475556295433,0.01993540868986183,17.97586713364727
0.01,0.4,3,50,1349,50,71.31557207042255,0.9038275877024384,0.01067088396870318,0.011821763498141059,64.4569814700294
0.01,0.4,3,100,1349,100,58.415602045847784,0.8279985255663007,0.011210254702846676,0.01391543199600466,48.368032364029744
0.01,0.4,3,150,1349,150,48.63435092919696,0.757990394724716,0.011598690416736031,0.01605608271831012,36.86437085800236
0.01,0.4,3,200,1349,200,42.1287291193342,0.7336992413033563,0.011636701625880916,0.016783752288996173,30.909816591930117
0.01,0.4,3,250,1349,250,37.41129521754345,0.716080095302126,0.01181399478386327,0.017388158259808006,26.789483844754482
0.01,0.4,3,300,1349,300,34.076106519652285,0.7040332503626555,0.012040582283632058,0.0179843885836894,23.990712032734876
0.01,0.4,3,400,1349,400,29.59506477831349,0.6951209317039435,0.012336302092003773,0.018621053215692802,20.572149002539835
0.01,0.4,3,500,1349,500,26.55792326059469,0.6768551500530524,0.012830475556295433,0.01993540868986183,17.97586713364727
0.01,0.4,4,50,1339,50,71.31557207042255,0.9038275877024384,0.01067088396870318,0.011821763498141059,64.4569814700294
0.01,0.4,4,100,1339,100,58.415602045847784,0.8279985255663007,0.011210254702846676,0.01391543199600466,48.368032364029744
0.01,0.4,4,150,1339,150,48.63435092919696,0.757990394724716,0.011598690416736031,0.01605608271831012,36.86437085800236
0.01,0.4,4,200,1339,200,42.1287291193342,0.7336992413033563,0.011636701625880916,0.016783752288996173,30.909816591930117
0.01,0.4,4,250,1339,250,37.41129521754345,0.716080095302126,0.01181399478386327,0.017388158259808006,26.789483844754482
0.01,0.4,4,300,1339,300,34.076106519652285,0.7040332503626555,0.012040582283632058,0.0179843885836894,23.990712032734876
0.01,0.4,4,400,1339,400,29.59506477831349,0.6951209317039435,0.012336302092003773,0.018621053215692802,20.572149002539835
0.01,0.4,4,500,1339,500,26.55792326059469,0.6768551500530524,0.012830475556295433,0.01993540868986183,17.97586713364727
0.01,0.4,5,50,1324,50,71.31557207042255,0.9038275877024384,0.01067088396870318,0.011821763498141059,64.4569814700294
0.01,0.4,5,100,1324,100,58.415602045847784,0.8279985255663007,0.011210254702846676,0.01391543199600466,48.368032364029744
0.01,0.4,5,150,1324,150,48.63435092919696,0.757990394724716,0.011598690416736031,0.01605608271831012,36.86437085800236
0.01,0.4,5,200,1324,200,42.1287291193342,0.7336992413033563,0.011636701625880916,0.016783752288996173,30.909816591930117
0.01,0.4,5,250,1324,250,37.41129521754345,0.716080095302126,0.01181399478386327,0.017388158259808006,26.789483844754482
0.01,0.4,5,300,1324,300,34.076106519652285,0.7040332503626555,0.012040582283632058,0.0179843885836894,23.990712032734876
0.01,0.4,5,400,1324,400,29.59506477831349,0.6951209317039435,0.012336302092003773,0.018621053215692802,20.572149002539835
0.01,0.4,5,500,1324,500,26.55792326059469,0.6768551500530524,0.012830475556295433,0.01993540868986183,17.97586713364727
0.01,0.4,6,50,1292,50,71.31557207042255,0.9038275877024384,0.01067088396870318,0.011821763498141059,64.4569814700294
0.01,0.4,6,100,1292,100,58.415602045847784,0.8279985255663007,0.011210254702846676,0.01391543199600466,48.368032364029744
0.01,0.4,6,150,1292,150,48.63435092919696,0.757990394724716,0.011598690416736031,0.01605608271831012,36.86437085800236
0.01,0.4,6,200,1292,200,42.1287291193342,0.7336992413033563,0.011636701625880916,0.016783752288996173,30.909816591930117
0.01,0.4,6,250,1292,250,37.41129521754345,0.716080095302126,0.01181399478386327,0.017388158259808006,26.789483844754482
0.01,0.4,6,300,1292,300,34.076106519652285,0.7040332503626555,0.012040582283632058,0.0179843885836894,23.990712032734876
0.01,0.4,6,400,1292,400,29.59506477831349,0.6951209317039435,0.012336302092003773,0.018621053215692802,20.572149002539835
0.01,0.4,6,500,1292,500,26.55792326059469,0.6768551500530524,0.012830475556295433,0.01993540868986183,17.97586713364727
0.01,0.4,7,50,1184,50,71.31557207042255,0.9038275877024384,0.01067088396870318,0.011821763498141059,64.4569814700294
0.01,0.4,7,100,1184,100,58.415602045847784,0.8279985255663007,0.011210254702846676,0.01391543199600466,48.368032364029744
0.01,0.4,7,150,1184,150,48.63435092919696,0.757990394724716,0.011598690416736031,0.01605608271831012,36.86437085800236
0.01,0.4,7,200,1184,200,42.1287291193342,0.7336992413033563,0.011636701625880916,0.016783752288996173,30.909816591930117
0.01,0.4,7,250,1184,250,37.41129521754345,0.716080095302126,0.01181399478386327,0.017388158259808006,26.789483844754482
0.01,0.4,7,300,1184,300,34.076106519652285,0.7040332503626555,0.012040582283632058,0.0179843885836894,23.990712032734876
0.01,0.4,7,400,1184,400,29.59506477831349,0.6951209317039435,0.012336302092003773,0.018621053215692802,20.572149002539835
0.01,0.4,7,500,1184,500,26.55792326059469,0.6768551500530524,0.012830475556295433,0.01993540868986183,17.97586713364727
0.01,0.4,8,50,1058,50,71.31557207042255,0.9038275877024384,0.01067088396870318,0.011821763498141059,64.4569814700294
0.01,0.4,8,100,1058,100,58.415602045847784,0.8279985255663007,0.011210254702846676,0.01391543199600466,48.368032364029744
0.01,0.4,8,150,1058,150,48.63435092919696,0.757990394724716,0.011598690416736031,0.01605608271831012,36.86437085800236
0.01,0.4,8,200,1058,200,42.1287291193342,0.7336992413033563,0.011636701625880916,0.016783752288996173,30.909816591930117
0.01,0.4,8,250,1058,250,37.41129521754345,0.716080095302126,0.01181399478386327,0.017388158259808006,26.789483844754482
0.01,0.4,8,300,1058,300,34.076106519652285,0.7040332503626555,0.012040582283632058,0.0179843885836894,23.990712032734876
0.01,0.4,8,400,1058,400,29.59506477831349,0.6951209317039435,0.012336302092003773,0.018621053215692802,20.572149002539835
0.01,0.4,8,500,1058,500,26.55792326059469,0.6768551500530524,0.012830475556295433,0.01993540868986183,17.97586713364727
0.01,0.4,9,50,931,50,71.31557207042255,0.9038275877024384,0.01067088396870318,0.011821763498141059,64.4569814700294
0.01,0.4,9,100,931,100,58.415602045847784,0.8279985255663007,0.011210254702846676,0.01391543199600466,48.368032364029744
0.01,0.4,9,150,931,150,48.63435092919696,0.757990394724716,0.011598690416736031,0.01605608271831012,36.86437085800236
0.01,0.4,9,200,931,200,42.1287291193342,0.7336992413033563,0.011636701625880916,0.016783752288996173,30.909816591930117
0.01,0.4,9,250,931,250,37.41129521754345,0.716080095302126,0.01181399478386327,0.017388158259808006,26.789483844754482
0.01,0.4,9,300,931,300,34.076106519652285,0.7040332503626555,0.012040582283632058,0.0179843885836894,23.990712032734876
0.01,0.4,9,400,931,400,29.59506477831349,0.6951209317039435,0.012336302092003773,0.018621053215692802,20.572149002539835
0.01,0.4,9,500,931,500,26.55792326059469,0.6768551500530524,0.012830475556295433,0.01993540868986183,17.97586713364727
0.01,0.4,10,50,758,50,71.31557207042255,0.9038275877024384,0.01067088396870318,0.011821763498141059,64.4569814700294
0.01,0.4,10,100,758,100,58.415602045847784,0.8279985255663007,0.011210254702846676,0.01391543199600466,48.368032364029744
0.01,0.4,10,150,758,150,48.63435092919696,0.757990394724716,0.011598690416736031,0.01605608271831012,36.86437085800236
0.01,0.4,10,200,758,200,42.1287291193342,0.7336992413033563,0.011636701625880916,0.016783752288996173,30.909816591930117
0.01,0.4,10,250,758,250,37.41129521754345,0.716080095302126,0.01181399478386327,0.017388158259808006,26.789483844754482
0.01,0.4,10,300,758,300,34.076106519652285,0.7040332503626555,0.012040582283632058,0.0179843885836894,23.990712032734876
0.01,0.4,10,400,758,400,29.59506477831349,0.6951209317039435,0.012336302092003773,0.018621053215692802,20.572149002539835
0.01,0.4,10,500,758,500,26.55792326059469,0.6768551500530524,0.012830475556295433,0.01993540868986183,17.97586713364727
0.015,0.2,1,50,563,50,19.115995094737958,0.689394042146094,0.018194328838577217,0.02713167970700849,13.178453128006305
0.015,0.2,1,100,563,100,16.58652575071387,0.6322112848498541,0.01960490538815826,0.03212640807946285,10.486188756054007
0.015,0.2,1,150,563,150,14.890759497409048,0.5890294311827946,0.019438063000573404,0.03444203984240608,8.771095596638649
0.015,0.2,1,200,563,200,13.526701909510093,0.5698698247722108,0.018947061761278507,0.034748349148215965,7.708459246918446
0.015,0.2,1,250,563,250,12.544355856160061,0.5522438630536524,0.018886410299095498,0.03606481327340325,6.927543537525539
0.015,0.2,1,300,563,300,11.762393184738075,0.5319120911971486,0.018890738582764553,0.03777444832880158,6.256559156377118
0.015,0.2,1,400,563,400,10.576478637506252,0.5133745568446956,0.019388907385827645,0.04097511236890295,5.429695033507162
0.015,0.2,1,500,563,500,9.600665567361093,0.4858732136449105,0.019773819432883855,0.0451701903334998,4.664706232343772
0.015,0.2,2,50,557,50,19.115995094737958,0.689394042146094,0.018194328838577217,0.02713167970700849,13.178453128006305
0.015,0.2,2,100,557,100,16.58652575071387,0.6322112848498541,0.01960490538815826,0.03212640807946285,10.486188756054007
0.015,0.2,2,150,557,150,14.890759497409048,0.5890294311827946,0.019438063000573404,0.03444203984240608,8.771095596638649
0.015,0.2,2,200,557,200,13.526701909510093,0.5698698247722108,0.018947061761278507,0.034748349148215965,7.708459246918446
0.015,0.2,2,250,557,250,12.544355856160061,0.5522438630536524,0.018886410299095498,0.03606481327340325,6.927543537525539
0.015,0.2,2,300,557,300,11.762393184738075,0.5319120911971486,0.018890738582764553,0.03777444832880158,6.256559156377118
0.015,0.2,2,400,557,400,10.576478637506252,0.5133745568446956,0.019388907385827645,0.04097511236890295,5.429695033507162
0.015,0.2,2,500,557,500,9.600665567361093,0.4858732136449105,0.019773819432883855,0.0451701903334998,4.664706232343772
0.015,0.2,3,50,535,50,19.115995094737958,0.689394042146094,0.018194328838577217,0.02713167970700849,13.178453128006305
0.015,0.2,3,100,535,100,16.58652575071387,0.6322112848498541,0.01960490538815826,0.03212640807946285,10.486188756054007
0.015,0.2,3,150,535,150,14.890759497409048,0.5890294311827946,0.019438063000573404,0.03444203984240608,8.771095596638649
0.015,0.2,3,200,535,200,13.526701909510093,0.5698698247722108,0.018947061761278507,0.034748349148215965,7.708459246918446
0.015,0.2,3,250,535,250,12.544355856160061,0.5522438630536524,0.018886410299095498,0.03606481327340325,6.927543537525539
0.015,0.2,3,300,535,300,11.762393184738075,0.5319120911971486,0.018890738582764553,0.03777444832880158,6.256559156377118
0.015,0.2,3,400,535,400,10.576478637506252,0.5133745568446956,0.019388907385827645,0.04097511236890295,5.429695033507162
0.015,0.2,3,500,535,500,9.600665567361093,0.4858732136449105,0.019773819432883855,0.0451701903334998,4.664706232343772
0.015,0.2,4,50,517,50,19.115995094737958,0.689394042146094,0.018194328838577217,0.02713167970700849,13.178453128006305
0.015,0.2,4,100,517,100,16.58652575071387,0.6322112848498541,0.01960490538815826,0.03212640807946285,10.486188756054007
0.015,0.2,4,150,517,150,14.890759497409048,0.5890294311827946,0.019438063000573404,0.03444203984240608,8.771095596638649
0.015,0.2,4,200,517,200,13.526701909510093,0.5698698247722108,0.018947061761278507,0.034748349148215965,7.708459246918446
0.015,0.2,4,250,517,250,12.544355856160061,0.5522438630536524,0.018886410299095498,0.03606481327340325,6.927543537525539
0.015,0.2,4,300,517,300,11.762393184738075,0.5319120911971486,0.018890738582764553,0.03777444832880158,6.256559156377118
0.015,0.2,4,400,517,400,10.576478637506252,0.5133745568446956,0.019388907385827645,0.04097511236890295,5.429695033507162
0.015,0.2,4,500,517,500,9.600665567361093,0.4858732136449105,0.019773819432883855,0.0451701903334998,4.664706232343772
0.015,0.2,5,50,498,50,19.115995094737958,0.689394042146094,0.018194328838577217,0.02713167970700849,13.178453128006305
0.015,0.2,5,100,498,100,16.58652575071387,0.6322112848498541,0.01960490538815826,0.03212640807946285,10.486188756054007
0.015,0.2,5,150,498,150,14.890759497409048,0.5890294311827946,0.019438063000573404,0.03444203984240608,8.771095596638649
0.015,0.2,5,200,498,200,13.526701909510093,0.5698698247722108,0.018947061761278507,0.034748349148215965,7.708459246918446
0.015,0.2,5,250,498,250,12.544355856160061,0.5522438630536524,0.018886410299095498,0.03606481327340325,6.927543537525539
0.015,0.2,5,300,498,300,11.762393184738075,0.5319120911971486,0.018890738582764553,0.03777444832880158,6.256559156377118
0.015,0.2,5,400,498,400,10.576478637506252,0.5133745568446956,0.019388907385827645,0.04097511236890295,5.429695033507162
0.015,0.2,5,500,498,498,9.619315877406375,0.4865873234469908,0.01977723891515231,0.04510199947450866,4.68063716617831
0.015,0.2,6,50,435,50,19.115995094737958,0.689394042146094,0.018194328838577217,0.02713167970700849,13.178453128006305
0.015,0.2,6,100,435,100,16.58652575071387,0.6322112848498541,0.01960490538815826,0.03212640807946285,10.486188756054007
0.015,0.2,6,150,435,150,14.890759497409048,0.5890294311827946,0.019438063000573404,0.03444203984240608,8.771095596638649
0.015,0.2,6,200,435,200,13.526701909510093,0.5698698247722108,0.018947061761278507,0.034748349148215965,7.708459246918446
0.015,0.2,6,250,435,250,12.544355856160061,0.5522438630536524,0.018886410299095498,0.03606481327340325,6.927543537525539
0.015,0.2,6,300,435,300,11.762393184738075,0.5319120911971486,0.018890738582764553,0.03777444832880158,6.256559156377118
0.015,0.2,6,400,435,400,10.576478637506252,0.5133745568446956,0.019388907385827645,0.04097511236890295,5.429695033507162
0.015,0.2,6,500,435,435,10.22374109389365,0.5035628582855959,0.019620149416995625,0.04258212162438841,5.148296287612991
0.015,0.2,7,50,351,50,19.115995094737958,0.689394042146094,0.018194328838577217,0.02713167970700849,13.178453128006305
0.015,0.2,7,100,351,100,16.58652575071387,0.6322112848498541,0.01960490538815826,0.03212640807946285,10.486188756054007
0.015,0.2,7,150,351,150,14.890759497409048,0.5890294311827946,0.019438063000573404,0.03444203984240608,8.771095596638649
0.015,0.2,7,200,351,200,13.526701909510093,0.5698698247722108,0.018947061761278507,0.034748349148215965,7.708459246918446
0.015,0.2,7,250,351,250,12.544355856160061,0.5522438630536524,0.018886410299095498,0.03606481327340325,6.927543537525539
0.015,0.2,7,300,351,300,11.762393184738075,0.5319120911971486,0.018890738582764553,0.03777444832880158,6.256559156377118
0.015,0.2,7,400,351,351,11.111170664812484,0.5256397207020879,0.01910275302428901,0.039078814507481054,5.840472644925266
0.015,0.2,7,500,351,351,11.111170664812484,0.5256397207020879,0.01910275302428901,0.039078814507481054,5.840472644925266
0.015,0.2,8,50,260,50,19.115995094737958,0.689394042146094,0.018194328838577217,0.02713167970700849,13.178453128006305
0.015,0.2,8,100,260,100,16.58652575071387,0.6322112848498541,0.01960490538815826,0.03212640807946285,10.486188756054007
0.015,0.2,8,150,260,150,14.890759497409048,0.5890294311827946,0.019438063000573404,0.03444203984240608,8.771095596638649
0.015,0.2,8,200,260,200,13.526701909510093,0.5698698247722108,0.018947061761278507,0.034748349148215965,7.708459246918446
0.015,0.2,8,250,260,250,12.544355856160061,0.5522438630536524,0.018886410299095498,0.03606481327340325,6.927543537525539
0.015,0.2,8,300,260,260,12.373363447693988,0.549547394217984,0.018909562775053037,0.036351180033550604,6.799749640392283
0.015,0.2,8,400,260,260,12.373363447693988,0.549547394217984,0.018909562775053037,0.036351180033550604,6.799749640392283
0.015,0.2,8,500,260,260,12.373363447693988,0.549547394217984,0.018909562775053037,0.036351180033550604,6.799749640392283
0.015,0.2,9,50,202,50,19.115995094737958,0.689394042146094,0.018194328838577217,0.02713167970700849,13.178453128006305
0.015,0.2,9,100,202,100,16.58652575071387,0.6322112848498541,0.01960490538815826,0.03212640807946285,10.486188756054007
0.015,0.2,9,150,202,150,14.890759497409048,0.5890294311827946,0.019438063000573404,0.03444203984240608,8.771095596638649
0.015,0.2,9,200,202,200,13.526701909510093,0.5698698247722108,0.018947061761278507,0.034748349148215965,7.708459246918446
0.015,0.2,9,250,202,202,13.481979030370253,0.5677916057782777,0.01891824774286984,0.03484521084037819,7.654954522722993
0.015,0.2,9,300,202,202,13.481979030370253,0.5677916057782777,0.01891824774286984,0.03484521084037819,7.654954522722993
0.015,0.2,9,400,202,202,13.481979030370253,0.5677916057782777,0.01891824774286984,0.03484521084037819,7.654954522722993
0.015,0.2,9,500,202,202,13.481979030370253,0.5677916057782777,0.01891824774286984,0.03484521084037819,7.654954522722993
0.015,0.2,10,50,152,50,19.115995094737958,0.689394042146094,0.018194328838577217,0.02713167970700849,13.178453128006305
0.015,0.2,10,100,152,100,16.58652575071387,0.6322112848498541,0.01960490538815826,0.03212640807946285,10.486188756054007
0.015,0.2,10,150,152,150,14.890759497409048,0.5890294311827946,0.019438063000573404,0.03444203984240608,8.771095596638649
0.015,0.2,10,200,152,152,14.828730653539418,0.5892241987546534,0.019407547919240417,0.03436560854441748,8.737446937880332
0.015,0.2,10,250,152,152,14.828730653539418,0.5892241987546534,0.019407547919240417,0.03436560854441748,8.737446937880332
0.015,0.2,10,300,152,152,14.828730653539418,0.5892241987546534,0.019407547919240417,0.03436560854441748,8.737446937880332
0.015,0.2,10,400,152,152,14.828730653539418,0.5892241987546534,0.019407547919240417,0.03436560854441748,8.737446937880332
0.015,0.2,10,500,152,152,14.828730653539418,0.5892241987546534,0.019407547919240417,0.03436560854441748,8.737446937880332
0.015,0.3,1,50,456,50,19.115995094737958,0.689394042146094,0.018194328838577217,0.02713167970700849,13.178453128006305
0.015,0.3,1,100,456,100,16.58652575071387,0.6322112848498541,0.01960490538815826,0.03212640807946285,10.486188756054007
0.015,0.3,1,150,456,150,14.890759497409048,0.5890294311827946,0.019438063000573404,0.03444203984240608,8.771095596638649
0.015,0.3,1,200,456,200,13.525275275806756,0.5703998808913561,0.018948726485766607,0.034662338382997614,7.714815406342977
0.015,0.3,1,250,456,250,12.531860019745862,0.5574119149978957,0.018936130070473334,0.03559114366572332,6.985408092092108
0.015,0.3,1,300,456,300,11.730778912636389,0.5431797467066538,0.018985442909198527,0.036866988513401026,6.371921518437589
0.015,0.3,1,400,456,400,10.492196269131911,0.5232013954571859,0.019752233505354863,0.04042880528272571,5.489531729420496
0.015,0.3,1,500,456,456,9.803067875435012,0.5136503912636162,0.019923028396695085,0.0414921626523442,5.035349649800981
0.015,0.3,2,50,456,50,19.115995094737958,0.689394042146094,0.018194328838577217,0.02713167970700849,13.178453128006305
0.015,0.3,2,100,456,100,16.58652575071387,0.6322112848498541,0.01960490538815826,0.03212640807946285,10.486188756054007
0.015,0.3,2,150,456,150,14.890759497409048,0.5890294311827946,0.019438063000573404,0.03444203984240608,8.771095596638649
0.015,0.3,2,200,456,200,13.525275275806756,0.5703998808913561,0.018948726485766607,0.034662338382997614,7.714815406342977
0.015,0.3,2,250,456,250,12.531860019745862,0.5574119149978957,0.018936130070473334,0.03559114366572332,6.985408092092108
0.015,0.3,2,300,456,300,11.730778912636389,0.5431797467066538,0.018985442909198527,0.036866988513401026,6.371921518437589
0.015,0.3,2,400,456,400,10.492196269131911,0.5232013954571859,0.019752233505354863,0.04042880528272571,5.489531729420496
0.015,0.3,2,500,456,456,9.803067875435012,0.5136503912636162,0.019923028396695085,0.0414921626523442,5.035349649800981
0.015,0.3,3,50,451,50,19.115995094737958,0.689394042146094,0.018194328838577217,0.02713167970700849,13.178453128006305
0.015,0.3,3,100,451,100,16.58652575071387,0.6322112848498541,0.01960490538815826,0.03212640807946285,10.486188756054007
0.015,0.3,3,150,451,150,14.890759497409048,0.5890294311827946,0.019438063000573404,0.03444203984240608,8.771095596638649
0.015,0.3,3,200,451,200,13.525275275806756,0.5703998808913561,0.018948726485766607,0.034662338382997614,7.714815406342977
0.015,0.3,3,250,451,250,12.531860019745862,0.5574119149978957,0.018936130070473334,0.03559114366572332,6.985408092092108
0.015,0.3,3,300,451,300,11.730778912636389,0.5431797467066538,0.018985442909198527,0.036866988513401026,6.371921518437589
0.015,0.3,3,400,451,400,10.492196269131911,0.5232013954571859,0.019752233505354863,0.04042880528272571,5.489531729420496
0.015,0.3,3,500,451,451,9.880576606083945,0.5157624452041772,0.01992329471246345,0.041267818734757704,5.096030350381047
0.015,0.3,4,50,444,50,19.115995094737958,0.689394042146094,0.018194328838577217,0.02713167970700849,13.178453128006305
0.015,0.3,4,100,444,100,16.58652575071387,0.6322112848498541,0.01960490538815826,0.03212640807946285,10.486188756054007
0.015,0.3,4,150,444,150,14.890759497409048,0.5890294311827946,0.019438063000573404,0.03444203984240608,8.771095596638649
0.015,0.3,4,200,444,200,13.525275275806756,0.5703998808913561,0.018948726485766607,0.034662338382997614,7.714815406342977
0.015,0.3,4,250,444,250,12.531860019745862,0.5574119149978957,0.018936130070473334,0.03559114366572332,6.985408092092108
0.015,0.3,4,300,444,300,11.730778912636389,0.5431797467066538,0.018985442909198527,0.036866988513401026,6.371921518437589
0.015,0.3,4,400,444,400,10.492196269131911,0.5232013954571859,0.019752233505354863,0.04042880528272571,5.489531729420496
0.015,0.3,4,500,444,444,9.982797225884527,0.5178722376252738,0.01991357930262542,0.0410684531710002,5.169813537128196
0.015,0.3,5,50,436,50,19.115995094737958,0.689394042146094,0.018194328838577217,0.02713167970700849,13.178453128006305
0.015,0.3,5,100,436,100,16.58652575071387,0.6322112848498541,0.01960490538815826,0.03212640807946285,10.486188756054007
0.015,0.3,5,150,436,150,14.890759497409048,0.5890294311827946,0.019438063000573404,0.03444203984240608,8.771095596638649
0.015,0.3,5,200,436,200,13.525275275806756,0.5703998808913561,0.018948726485766607,0.034662338382997614,7.714815406342977
0.015,0.3,5,250,436,250,12.531860019745862,0.5574119149978957,0.018936130070473334,0.03559114366572332,6.985408092092108
0.015,0.3,5,300,436,300,11.730778912636389,0.5431797467066538,0.018985442909198527,0.036866988513401026,6.371921518437589
0.015,0.3,5,400,436,400,10.492196269131911,0.5232013954571859,0.019752233505354863,0.04042880528272571,5.489531729420496
0.015,0.3,5,500,436,436,10.080084275921426,0.5192041296744829,0.019925021216328144,0.04100185868780002,5.233621383525224
0.015,0.3,6,50,402,50,19.115995094737958,0.689394042146094,0.018194328838577217,0.02713167970700849,13.178453128006305
0.015,0.3,6,100,402,100,16.58652575071387,0.6322112848498541,0.01960490538815826,0.03212640807946285,10.486188756054007
0.015,0.3,6,150,402,150,14.890759497409048,0.5890294311827946,0.019438063000573404,0.03444203984240608,8.771095596638649
0.015,0.3,6,200,402,200,13.525275275806756,0.5703998808913561,0.018948726485766607,0.034662338382997614,7.714815406342977
0.015,0.3,6,250,402,250,12.531860019745862,0.5574119149978957,0.018936130070473334,0.03559114366572332,6.985408092092108
0.015,0.3,6,300,402,300,11.730778912636389,0.5431797467066538,0.018985442909198527,0.036866988513401026,6.371921518437589
0.015,0.3,6,400,402,400,10.492196269131911,0.5232013954571859,0.019752233505354863,0.04042880528272571,5.489531729420496
0.015,0.3,6,500,402,402,10.469979158526442,0.5233645543410641,0.01975956188206076,0.040415120998967206,5.479615976262421
0.015,0.3,7,50,334,50,19.115995094737958,0.689394042146094,0.018194328838577217,0.02713167970700849,13.178453128006305
0.015,0.3,7,100,334,100,16.58652575071387,0.6322112848498541,0.01960490538815826,0.03212640807946285,10.486188756054007
0.015,0.3,7,150,334,150,14.890759497409048,0.5890294311827946,0.019438063000573404,0.03444203984240608,8.771095596638649
0.015,0.3,7,200,334,200,13.525275275806756,0.5703998808913561,0.018948726485766607,0.034662338382997614,7.714815406342977
0.015,0.3,7,250,334,250,12.531860019745862,0.5574119149978957,0.018936130070473334,0.03559114366572332,6.985408092092108
0.015,0.3,7,300,334,300,11.730778912636389,0.5431797467066538,0.018985442909198527,0.036866988513401026,6.371921518437589
0.015,0.3,7,400,334,334,11.270521239029524,0.5382529532128159,0.019213113642865758,0.03796037025333385,6.066391341155406
0.015,0.3,7,500,334,334,11.270521239029524,0.5382529532128159,0.019213113642865758,0.03796037025333385,6.066391341155406
0.015,0.3,8,50,254,50,19.115995094737958,0.689394042146094,0.018194328838577217,0.02713167970700849,13.178453128006305
0.015,0.3,8,100,254,100,16.58652575071387,0.6322112848498541,0.01960490538815826,0.03212640807946285,10.486188756054007
0.015,0.3,8,150,254,150,14.890759497409048,0.5890294311827946,0.019438063000573404,0.03444203984240608,8.771095596638649
0.015,0.3,8,200,254,200,13.525275275806756,0.5703998808913561,0.018948726485766607,0.034662338382997614,7.714815406342977
0.015,0.3,8,250,254,250,12.531860019745862,0.5574119149978957,0.018936130070473334,0.03559114366572332,6.985408092092108
0.015,0.3,8,300,254,254,12.461149984905756,0.5560774677474822,0.01895011375617335,0.03572210373986255,6.929364728827969
0.015,0.3,8,400,254,254,12.461149984905756,0.5560774677474822,0.01895011375617335,0.03572210373986255,6.929364728827969
0.015,0.3,8,500,254,254,12.461149984905756,0.5560774677474822,0.01895011375617335,0.03572210373986255,6.929364728827969
0.015,0.3,9,50,201,50,19.115995094737958,0.689394042146094,0.018194328838577217,0.02713167970700849,13.178453128006305
0.015,0.3,9,100,201,100,16.58652575071387,0.6322112848498541,0.01960490538815826,0.03212640807946285,10.486188756054007
0.015,0.3,9,150,201,150,14.890759497409048,0.5890294311827946,0.019438063000573404,0.03444203984240608,8.771095596638649
0.015,0.3,9,200,201,200,13.525275275806756,0.5703998808913561,0.018948726485766607,0.034662338382997614,7.714815406342977
0.015,0.3,9,250,201,201,13.502796721010279,0.569317623981639,0.018930926633134754,0.03470660680284278,7.687380146312638
0.015,0.3,9,300,201,201,13.502796721010279,0.569317623981639,0.018930926633134754,0.03470660680284278,7.687380146312638
0.015,0.3,9,400,201,201,13.502796721010279,0.569317623981639,0.018930926633134754,0.03470660680284278,7.687380146312638
0.015,0.3,9,500,201,201,13.502796721010279,0.569317623981639,0.018930926633134754,0.03470660680284278,7.687380146312638
0.015,0.3,10,50,152,50,19.115995094737958,0.689394042146094,0.018194328838577217,0.02713167970700849,13.178453128006305
0.015,0.3,10,100,152,100,16.58652575071387,0.6322112848498541,0.01960490538815826,0.03212640807946285,10.486188756054007
0.015,0.3,10,150,152,150,14.890759497409048,0.5890294311827946,0.019438063000573404,0.03444203984240608,8.771095596638649
0.015,0.3,10,200,152,152,14.828730653539418,0.5892241987546534,0.019407547919240417,0.03436560854441748,8.737446937880332
0.015,0.3,10,250,152,152,14.828730653539418,0.5892241987546534,0.019407547919240417,0.03436560854441748,8.737446937880332
0.015,0.3,10,300,152,152,14.828730653539418,0.5892241987546534,0.019407547919240417,0.03436560854441748,8.737446937880332
0.015,0.3,10,400,152,152,14.828730653539418,0.5892241987546534,0.019407547919240417,0.03436560854441748,8.737446937880332
0.015,0.3,10,500,152,152,14.828730653539418,0.5892241987546534,0.019407547919240417,0.03436560854441748,8.737446937880332
0.015,0.4,1,50,347,50,19.10991872532657,0.6963068885438891,0.018238721491593144,0.026764330503301702,13.306368047958747
0.015,0.4,1,100,347,100,16.50353328116365,0.6413317180717799,0.019980023306142836,0.032071472171355635,10.584239353463484
0.015,0.4,1,150,347,150,14.610612104361298,0.6074462983834716,0.019406618204687125,0.03291900190518469,8.875162239911015
0.015,0.4,1,200,347,200,13.207905084696609,0.5915589731345391,0.019007824205094056,0.03300399533877143,7.813254769161584
0.015,0.4,1,250,347,250,12.154824337161518,0.5769918909542636,0.01916364241717996,0.03439476166694412,7.013235078515728
0.015,0.4,1,300,347,300,11.303222510704074,0.5705892630158814,0.01955829310249154,0.0359032980041803,6.449497402087158
0.015,0.4,1,400,347,347,10.53669409503605,0.5633399333157344,0.020032984252921705,0.037147023637328656,5.935740548865901
0.015,0.4,1,500,347,347,10.53669409503605,0.5633399333157344,0.020032984252921705,0.037147023637328656,5.935740548865901
0.015,0.4,2,50,347,50,19.10991872532657,0.6963068885438891,0.018238721491593144,0.026764330503301702,13.306368047958747
0.015,0.4,2,100,347,100,16.50353328116365,0.6413317180717799,0.019980023306142836,0.032071472171355635,10.584239353463484
0.015,0.4,2,150,347,150,14.610612104361298,0.6074462983834716,0.019406618204687125,0.03291900190518469,8.875162239911015
0.015,0.4,2,200,347,200,13.207905084696609,0.5915589731345391,0.019007824205094056,0.03300399533877143,7.813254769161584
0.015,0.4,2,250,347,250,12.154824337161518,0.5769918909542636,0.01916364241717996,0.03439476166694412,7.013235078515728
0.015,0.4,2,300,347,300,11.303222510704074,0.5705892630158814,0.01955829310249154,0.0359032980041803,6.449497402087158
0.015,0.4,2,400,347,347,10.53669409503605,0.5633399333157344,0.020032984252921705,0.037147023637328656,5.935740548865901
0.015,0.4,2,500,347,347,10.53669409503605,0.5633399333157344,0.020032984252921705,0.037147023637328656,5.935740548865901
0.015,0.4,3,50,347,50,19.10991872532657,0.6963068885438891,0.018238721491593144,0.026764330503301702,13.306368047958747
0.015,0.4,3,100,347,100,16.50353328116365,0.6413317180717799,0.019980023306142836,0.032071472171355635,10.584239353463484
0.015,0.4,3,150,347,150,14.610612104361298,0.6074462983834716,0.019406618204687125,0.03291900190518469,8.875162239911015
0.015,0.4,3,200,347,200,13.207905084696609,0.5915589731345391,0.019007824205094056,0.03300399533877143,7.813254769161584
0.015,0.4,3,250,347,250,12.154824337161518,0.5769918909542636,0.01916364241717996,0.03439476166694412,7.013235078515728
0.015,0.4,3,300,347,300,11.303222510704074,0.5705892630158814,0.01955829310249154,0.0359032980041803,6.449497402087158
0.015,0.4,3,400,347,347,10.53669409503605,0.5633399333157344,0.020032984252921705,0.037147023637328656,5.935740548865901
0.015,0.4,3,500,347,347,10.53669409503605,0.5633399333157344,0.020032984252921705,0.037147023637328656,5.935740548865901
0.015,0.4,4,50,346,50,19.10991872532657,0.6963068885438891,0.018238721491593144,0.026764330503301702,13.306368047958747
0.015,0.4,4,100,346,100,16.50353328116365,0.6413317180717799,0.019980023306142836,0.032071472171355635,10.584239353463484
0.015,0.4,4,150,346,150,14.610612104361298,0.6074462983834716,0.019406618204687125,0.03291900190518469,8.875162239911015
0.015,0.4,4,200,346,200,13.207905084696609,0.5915589731345391,0.019007824205094056,0.03300399533877143,7.813254769161584
0.015,0.4,4,250,346,250,12.154824337161518,0.5769918909542636,0.01916364241717996,0.03439476166694412,7.013235078515728
0.015,0.4,4,300,346,300,11.303222510704074,0.5705892630158814,0.01955829310249154,0.0359032980041803,6.449497402087158
0.015,0.4,4,400,346,346,10.555670855623452,0.5637358389347183,0.020029137489884153,0.03710956356954138,5.950609965313643
0.015,0.4,4,500,346,346,10.555670855623452,0.5637358389347183,0.020029137489884153,0.03710956356954138,5.950609965313643
0.015,0.4,5,50,340,50,19.10991872532657,0.6963068885438891,0.018238721491593144,0.026764330503301702,13.306368047958747
0.015,0.4,5,100,340,100,16.50353328116365,0.6413317180717799,0.019980023306142836,0.032071472171355635,10.584239353463484
0.015,0.4,5,150,340,150,14.610612104361298,0.6074462983834716,0.019406618204687125,0.03291900190518469,8.875162239911015
0.015,0.4,5,200,340,200,13.207905084696609,0.5915589731345391,0.019007824205094056,0.03300399533877143,7.813254769161584
0.015,0.4,5,250,340,250,12.154824337161518,0.5769918909542636,0.01916364241717996,0.03439476166694412,7.013235078515728
0.015,0.4,5,300,340,300,11.303222510704074,0.5705892630158814,0.01955829310249154,0.0359032980041803,6.449497402087158
0.015,0.4,5,400,340,340,10.65969749224069,0.5651269899462199,0.02003561204738263,0.03704028306844629,6.02408275752725
0.015,0.4,5,500,340,340,10.65969749224069,0.5651269899462199,0.02003561204738263,0.03704028306844629,6.02408275752725
0.015,0.4,6,50,318,50,19.10991872532657,0.6963068885438891,0.018238721491593144,0.026764330503301702,13.306368047958747
0.015,0.4,6,100,318,100,16.50353328116365,0.6413317180717799,0.019980023306142836,0.032071472171355635,10.584239353463484
0.015,0.4,6,150,318,150,14.610612104361298,0.6074462983834716,0.019406618204687125,0.03291900190518469,8.875162239911015
0.015,0.4,6,200,318,200,13.207905084696609,0.5915589731345391,0.019007824205094056,0.03300399533877143,7.813254769161584
0.015,0.4,6,250,318,250,12.154824337161518,0.5769918909542636,0.01916364241717996,0.03439476166694412,7.013235078515728
0.015,0.4,6,300,318,300,11.303222510704074,0.5705892630158814,0.01955829310249154,0.0359032980041803,6.449497402087158
0.015,0.4,6,400,318,318,11.016358990828765,0.5673564460840994,0.019874262696316217,0.036719389922099964,6.2502022858232245
0.015,0.4,6,500,318,318,11.016358990828765,0.5673564460840994,0.019874262696316217,0.036719389922099964,6.2502022858232245
0.015,0.4,7,50,277,50,19.10991872532657,0.6963068885438891,0.018238721491593144,0.026764330503301702,13.306368047958747
0.015,0.4,7,100,277,100,16.50353328116365,0.6413317180717799,0.019980023306142836,0.032071472171355635,10.584239353463484
0.015,0.4,7,150,277,150,14.610612104361298,0.6074462983834716,0.019406618204687125,0.03291900190518469,8.875162239911015
0.015,0.4,7,200,277,200,13.207905084696609,0.5915589731345391,0.019007824205094056,0.03300399533877143,7.813254769161584
0.015,0.4,7,250,277,250,12.154824337161518,0.5769918909542636,0.01916364241717996,0.03439476166694412,7.013235078515728
0.015,0.4,7,300,277,277,11.67574594377515,0.5750382231667452,0.019388531270276933,0.03521923980786956,6.7140002016547955
0.015,0.4,7,400,277,277,11.67574594377515,0.5750382231667452,0.019388531270276933,0.03521923980786956,6.7140002016547955
0.015,0.4,7,500,277,277,11.67574594377515,0.5750382231667452,0.019388531270276933,0.03521923980786956,6.7140002016547955
0.015,0.4,8,50,222,50,19.10991872532657,0.6963068885438891,0.018238721491593144,0.026764330503301702,13.306368047958747
0.015,0.4,8,100,222,100,16.50353328116365,0.6413317180717799,0.019980023306142836,0.032071472171355635,10.584239353463484
0.015,0.4,8,150,222,150,14.610612104361298,0.6074462983834716,0.019406618204687125,0.03291900190518469,8.875162239911015
0.015,0.4,8,200,222,200,13.207905084696609,0.5915589731345391,0.019007824205094056,0.03300399533877143,7.813254769161584
0.015,0.4,8,250,222,222,12.717165427860301,0.5838543553884059,0.019087840962320735,0.03368942440026176,7.424972423251098
0.015,0.4,8,300,222,222,12.717165427860301,0.5838543553884059,0.019087840962320735,0.03368942440026176,7.424972423251098
0.015,0.4,8,400,222,222,12.717165427860301,0.5838543553884059,0.019087840962320735,0.03368942440026176,7.424972423251098
0.015,0.4,8,500,222,222,12.717165427860301,0.5838543553884059,0.019087840962320735,0.03368942440026176,7.424972423251098
0.015,0.4,9,50,176,50,19.10991872532657,0.6963068885438891,0.018238721491593144,0.026764330503301702,13.306368047958747
0.015,0.4,9,100,176,100,16.50353328116365,0.6413317180717799,0.019980023306142836,0.032071472171355635,10.584239353463484
0.015,0.4,9,150,176,150,14.610612104361298,0.6074462983834716,0.019406618204687125,0.03291900190518469,8.875162239911015
0.015,0.4,9,200,176,176,13.814618718031756,0.5978167007250399,0.019181220394388365,0.03300505470890022,8.258609783788124
0.015,0.4,9,250,176,176,13.814618718031756,0.5978167007250399,0.019181220394388365,0.03300505470890022,8.258609783788124
0.015,0.4,9,300,176,176,13.814618718031756,0.5978167007250399,0.019181220394388365,0.03300505470890022,8.258609783788124
0.015,0.4,9,400,176,176,13.814618718031756,0.5978167007250399,0.019181220394388365,0.03300505470890022,8.258609783788124
0.015,0.4,9,500,176,176,13.814618718031756,0.5978167007250399,0.019181220394388365,0.03300505470890022,8.258609783788124
0.015,0.4,10,50,136,50,19.10991872532657,0.6963068885438891,0.018238721491593144,0.026764330503301702,13.306368047958747
0.015,0.4,10,100,136,100,16.50353328116365,0.6413317180717799,0.019980023306142836,0.032071472171355635,10.584239353463484
0.015,0.4,10,150,136,136,15.116391523985987,0.6148061194887416,0.0196955675894463,0.03303131640537021,9.29365001353433
0.015,0.4,10,200,136,136,15.116391523985987,0.6148061194887416,0.0196955675894463,0.03303131640537021,9.29365001353433
0.015,0.4,10,250,136,136,15.116391523985987,0.6148061194887416,0.0196955675894463,0.03303131640537021,9.29365001353433
0.015,0.4,10,300,136,136,15.116391523985987,0.6148061194887416,0.0196955675894463,0.03303131640537021,9.29365001353433
0.015,0.4,10,400,136,136,15.116391523985987,0.6148061194887416,0.0196955675894463,0.03303131640537021,9.29365001353433
0.015,0.4,10,500,136,136,15.116391523985987,0.6148061194887416,0.0196955675894463,0.03303131640537021,9.29365001353433
0.02,0.2,1,50,199,50,13.845580625268662,0.600151243270229,0.0253326674435381,0.04306642250707507,8.309442426053181
0.02,0.2,1,100,199,100,10.917539032819063,0.5294239448727006,0.024122412740691414,0.047455746074024745,5.780006583056757
0.02,0.2,1,150,199,150,9.51747605374937,0.49620374010260493,0.024716719382942124,0.05258346743613931,4.722607214207418
0.02,0.2,1,200,199,199,8.340870412959116,0.4676953699287298,0.024844827879478407,0.058348453883646074,3.900986473316511
0.02,0.2,1,250,199,199,8.340870412959116,0.4676953699287298,0.024844827879478407,0.058348453883646074,3.900986473316511
0.02,0.2,1,300,199,199,8.340870412959116,0.4676953699287298,0.024844827879478407,0.058348453883646074,3.900986473316511
0.02,0.2,1,400,199,199,8.340870412959116,0.4676953699287298,0.024844827879478407,0.058348453883646074,3.900986473316511
0.02,0.2,1,500,199,199,8.340870412959116,0.4676953699287298,0.024844827879478407,0.058348453883646074,3.900986473316511
0.02,0.2,2,50,196,50,13.845580625268662,0.600151243270229,0.0253326674435381,0.04306642250707507,8.309442426053181
0.02,0.2,2,100,196,100,10.917539032819063,0.5294239448727006,0.024122412740691414,0.047455746074024745,5.780006583056757
0.02,0.2,2,150,196,150,9.51747605374937,0.49620374010260493,0.024716719382942124,0.05258346743613931,4.722607214207418
0.02,0.2,2,200,196,196,8.439280861839734,0.4714648079485899,0.024871210345300095,0.05763061009321324,3.9788239307514806
0.02,0.2,2,250,196,196,8.439280861839734,0.4714648079485899,0.024871210345300095,0.05763061009321324,3.9788239307514806
0.02,0.2,2,300,196,196,8.439280861839734,0.4714648079485899,0.024871210345300095,0.05763061009321324,3.9788239307514806
0.02,0.2,2,400,196,196,8.439280861839734,0.4714648079485899,0.024871210345300095,0.05763061009321324,3.9788239307514806
0.02,0.2,2,500,196,196,8.439280861839734,0.4714648079485899,0.024871210345300095,0.05763061009321324,3.9788239307514806
0.02,0.2,3,50,191,50,13.845580625268662,0.600151243270229,0.0253326674435381,0.04306642250707507,8.309442426053181
0.02,0.2,3,100,191,100,10.917539032819063,0.5294239448727006,0.024122412740691414,0.047455746074024745,5.780006583056757
0.02,0.2,3,150,191,150,9.51747605374937,0.49620374010260493,0.024716719382942124,0.05258346743613931,4.722607214207418
0.02,0.2,3,200,191,191,8.591241382693083,0.47646025260448166,0.024976677878135775,0.05714130489414474,4.093385039384023
0.02,0.2,3,250,191,191,8.591241382693083,0.47646025260448166,0.024976677878135775,0.05714130489414474,4.093385039384023
0.02,0.2,3,300,191,191,8.591241382693083,0.47646025260448166,0.024976677878135775,0.05714130489414474,4.093385039384023
0.02,0.2,3,400,191,191,8.591241382693083,0.47646025260448166,0.024976677878135775,0.05714130489414474,4.093385039384023
0.02,0.2,3,500,191,191,8.591241382693083,0.47646025260448166,0.024976677878135775,0.05714130489414474,4.093385039384023
0.02,0.2,4,50,187,50,13.845580625268662,0.600151243270229,0.0253326674435381,0.04306642250707507,8.309442426053181
0.02,0.2,4,100,187,100,10.917539032819063,0.5294239448727006,0.024122412740691414,0.047455746074024745,5.780006583056757
0.02,0.2,4,150,187,150,9.51747605374937,0.49620374010260493,0.024716719382942124,0.05258346743613931,4.722607214207418
0.02,0.2,4,200,187,187,8.69904508820827,0.47885669974546147,0.02496166830913548,0.05678906397675677,4.16559602187638
0.02,0.2,4,250,187,187,8.69904508820827,0.47885669974546147,0.02496166830913548,0.05678906397675677,4.16559602187638
0.02,0.2,4,300,187,187,8.69904508820827,0.47885669974546147,0.02496166830913548,0.05678906397675677,4.16559602187638
0.02,0.2,4,400,187,187,8.69904508820827,0.47885669974546147,0.02496166830913548,0.05678906397675677,4.16559602187638
0.02,0.2,4,500,187,187,8.69904508820827,0.47885669974546147,0.02496166830913548,0.05678906397675677,4.16559602187638
0.02,0.2,5,50,181,50,13.845580625268662,0.600151243270229,0.0253326674435381,0.04306642250707507,8.309442426053181
0.02,0.2,5,100,181,100,10.917539032819063,0.5294239448727006,0.024122412740691414,0.047455746074024745,5.780006583056757
0.02,0.2,5,150,181,150,9.51747605374937,0.49620374010260493,0.024716719382942124,0.05258346743613931,4.722607214207418
0.02,0.2,5,200,181,181,8.833956692557047,0.4831526751069199,0.025020839714010756,0.05616774291258112,4.268149807787616
0.02,0.2,5,250,181,181,8.833956692557047,0.4831526751069199,0.025020839714010756,0.05616774291258112,4.268149807787616
0.02,0.2,5,300,181,181,8.833956692557047,0.4831526751069199,0.025020839714010756,0.05616774291258112,4.268149807787616
0.02,0.2,5,400,181,181,8.833956692557047,0.4831526751069199,0.025020839714010756,0.05616774291258112,4.268149807787616
0.02,0.2,5,500,181,181,8.833956692557047,0.4831526751069199,0.025020839714010756,0.05616774291258112,4.268149807787616
0.02,0.2,6,50,154,50,13.845580625268662,0.600151243270229,0.0253326674435381,0.04306642250707507,8.309442426053181
0.02,0.2,6,100,154,100,10.917539032819063,0.5294239448727006,0.024122412740691414,0.047455746074024745,5.780006583056757
0.02,0.2,6,150,154,150,9.51747605374937,0.49620374010260493,0.024716719382942124,0.05258346743613931,4.722607214207418
0.02,0.2,6,200,154,154,9.427370149206357,0.4950719433570677,0.02478818002373854,0.05316128297649856,4.667226460514001
0.02,0.2,6,250,154,154,9.427370149206357,0.4950719433570677,0.02478818002373854,0.05316128297649856,4.667226460514001
0.02,0.2,6,300,154,154,9.427370149206357,0.4950719433570677,0.02478818002373854,0.05316128297649856,4.667226460514001
0.02,0.2,6,400,154,154,9.427370149206357,0.4950719433570677,0.02478818002373854,0.05316128297649856,4.667226460514001
0.02,0.2,6,500,154,154,9.427370149206357,0.4950719433570677,0.02478818002373854,0.05316128297649856,4.667226460514001
0.02,0.2,7,50,111,50,13.845580625268662,0.600151243270229,0.0253326674435381,0.04306642250707507,8.309442426053181
0.02,0.2,7,100,111,100,10.917539032819063,0.5294239448727006,0.024122412740691414,0.047455746074024745,5.780006583056757
0.02,0.2,7,150,111,111,10.548945115469158,0.5191449780893247,0.024234489192038716,0.048726935692142946,5.476431880835724
0.02,0.2,7,200,111,111,10.548945115469158,0.5191449780893247,0.024234489192038716,0.048726935692142946,5.476431880835724
0.02,0.2,7,250,111,111,10.548945115469158,0.5191449780893247,0.024234489192038716,0.048726935692142946,5.476431880835724
0.02,0.2,7,300,111,111,10.548945115469158,0.5191449780893247,0.024234489192038716,0.048726935692142946,5.476431880835724
0.02,0.2,7,400,111,111,10.548945115469158,0.5191449780893247,0.024234489192038716,0.048726935692142946,5.476431880835724
0.02,0.2,7,500,111,111,10.548945115469158,0.5191449780893247,0.024234489192038716,0.048726935692142946,5.476431880835724
0.02,0.2,8,50,74,50,13.845580625268662,0.600151243270229,0.0253326674435381,0.04306642250707507,8.309442426053181
0.02,0.2,8,100,74,74,12.098963642676175,0.5537916565061705,0.024270483235024603,0.04531575024333472,6.700305117685569
0.02,0.2,8,150,74,74,12.098963642676175,0.5537916565061705,0.024270483235024603,0.04531575024333472,6.700305117685569
0.02,0.2,8,200,74,74,12.098963642676175,0.5537916565061705,0.024270483235024603,0.04531575024333472,6.700305117685569
0.02,0.2,8,250,74,74,12.098963642676175,0.5537916565061705,0.024270483235024603,0.04531575024333472,6.700305117685569
0.02,0.2,8,300,74,74,12.098963642676175,0.5537916565061705,0.024270483235024603,0.04531575024333472,6.700305117685569
0.02,0.2,8,400,74,74,12.098963642676175,0.5537916565061705,0.024270483235024603,0.04531575024333472,6.700305117685569
0.02,0.2,8,500,74,74,12.098963642676175,0.5537916565061705,0.024270483235024603,0.04531575024333472,6.700305117685569
0.02,0.2,9,50,51,50,13.845580625268662,0.600151243270229,0.0253326674435381,0.04306642250707507,8.309442426053181
0.02,0.2,9,100,51,51,13.750997447471132,0.5997606154876957,0.025276610838553284,0.04298144539431664,8.247306692665019
0.02,0.2,9,150,51,51,13.750997447471132,0.5997606154876957,0.025276610838553284,0.04298144539431664,8.247306692665019
0.02,0.2,9,200,51,51,13.750997447471132,0.5997606154876957,0.025276610838553284,0.04298144539431664,8.247306692665019
0.02,0.2,9,250,51,51,13.750997447471132,0.5997606154876957,0.025276610838553284,0.04298144539431664,8.247306692665019
0.02,0.2,9,300,51,51,13.750997447471132,0.5997606154876957,0.025276610838553284,0.04298144539431664,8.247306692665019
0.02,0.2,9,400,51,51,13.750997447471132,0.5997606154876957,0.025276610838553284,0.04298144539431664,8.247306692665019
0.02,0.2,9,500,51,51,13.750997447471132,0.5997606154876957,0.025276610838553284,0.04298144539431664,8.247306692665019
0.02,0.2,10,50,45,45,14.349776529987452,0.609278531480371,0.025323542287084822,0.042253173766408324,8.743010771262249
0.02,0.2,10,100,45,45,14.349776529987452,0.609278531480371,0.025323542287084822,0.042253173766408324,8.743010771262249
0.02,0.2,10,150,45,45,14.349776529987452,0.609278531480371,0.025323542287084822,0.042253173766408324,8.743010771262249
0.02,0.2,10,200,45,45,14.349776529987452,0.609278531480371,0.025323542287084822,0.042253173766408324,8.743010771262249
0.02,0.2,10,250,45,45,14.349776529987452,0.609278531480371,0.025323542287084822,0.042253173766408324,8.743010771262249
0.02,0.2,10,300,45,45,14.349776529987452,0.609278531480371,0.025323542287084822,0.042253173766408324,8.743010771262249
0.02,0.2,10,400,45,45,14.349776529987452,0.609278531480371,0.025323542287084822,0.042253173766408324,8.743010771262249
0.02,0.2,10,500,45,45,14.349776529987452,0.609278531480371,0.025323542287084822,0.042253173766408324,8.743010771262249
0.02,0.3,1,50,175,50,13.845580625268662,0.600151243270229,0.0253326674435381,0.04306642250707507,8.309442426053181
0.02,0.3,1,100,175,100,10.917539032819063,0.5294239448727006,0.024122412740691414,0.047455746074024745,5.780006583056757
0.02,0.3,1,150,175,150,9.513620756062046,0.5017174449645911,0.024745204668627344,0.05171559106967796,4.773149498093551
0.02,0.3,1,200,175,175,8.842167882537739,0.4986644090711957,0.024911571420644166,0.05243628465203295,4.409274422053987
0.02,0.3,1,250,175,175,8.842167882537739,0.4986644090711957,0.024911571420644166,0.05243628465203295,4.409274422053987
0.02,0.3,1,300,175,175,8.842167882537739,0.4986644090711957,0.024911571420644166,0.05243628465203295,4.409274422053987
0.02,0.3,1,400,175,175,8.842167882537739,0.4986644090711957,0.024911571420644166,0.05243628465203295,4.409274422053987
0.02,0.3,1,500,175,175,8.842167882537739,0.4986644090711957,0.024911571420644166,0.05243628465203295,4.409274422053987
0.02,0.3,2,50,175,50,13.845580625268662,0.600151243270229,0.0253326674435381,0.04306642250707507,8.309442426053181
0.02,0.3,2,100,175,100,10.917539032819063,0.5294239448727006,0.024122412740691414,0.047455746074024745,5.780006583056757
0.02,0.3,2,150,175,150,9.513620756062046,0.5017174449645911,0.024745204668627344,0.05171559106967796,4.773149498093551
0.02,0.3,2,200,175,175,8.842167882537739,0.4986644090711957,0.024911571420644166,0.05243628465203295,4.409274422053987
0.02,0.3,2,250,175,175,8.842167882537739,0.4986644090711957,0.024911571420644166,0.05243628465203295,4.409274422053987
0.02,0.3,2,300,175,175,8.842167882537739,0.4986644090711957,0.024911571420644166,0.05243628465203295,4.409274422053987
0.02,0.3,2,400,175,175,8.842167882537739,0.4986644090711957,0.024911571420644166,0.05243628465203295,4.409274422053987
0.02,0.3,2,500,175,175,8.842167882537739,0.4986644090711957,0.024911571420644166,0.05243628465203295,4.409274422053987
0.02,0.3,3,50,172,50,13.845580625268662,0.600151243270229,0.0253326674435381,0.04306642250707507,8.309442426053181
0.02,0.3,3,100,172,100,10.917539032819063,0.5294239448727006,0.024122412740691414,0.047455746074024745,5.780006583056757
0.02,0.3,3,150,172,150,9.513620756062046,0.5017174449645911,0.024745204668627344,0.05171559106967796,4.773149498093551
0.02,0.3,3,200,172,172,8.94822687536587,0.5017883773371559,0.02497506139478102,0.0521897579438975,4.490116243834569
0.02,0.3,3,250,172,172,8.94822687536587,0.5017883773371559,0.02497506139478102,0.0521897579438975,4.490116243834569
0.02,0.3,3,300,172,172,8.94822687536587,0.5017883773371559,0.02497506139478102,0.0521897579438975,4.490116243834569
0.02,0.3,3,400,172,172,8.94822687536587,0.5017883773371559,0.02497506139478102,0.0521897579438975,4.490116243834569
0.02,0.3,3,500,172,172,8.94822687536587,0.5017883773371559,0.02497506139478102,0.0521897579438975,4.490116243834569
0.02,0.3,4,50,169,50,13.845580625268662,0.600151243270229,0.0253326674435381,0.04306642250707507,8.309442426053181
0.02,0.3,4,100,169,100,10.917539032819063,0.5294239448727006,0.024122412740691414,0.047455746074024745,5.780006583056757
0.02,0.3,4,150,169,150,9.513620756062046,0.5017174449645911,0.024745204668627344,0.05171559106967796,4.773149498093551
0.02,0.3,4,200,169,169,9.04403554046626,0.503694166340753,0.024984986286544726,0.05200934215801487,4.555427941911295
0.02,0.3,4,250,169,169,9.04403554046626,0.503694166340753,0.024984986286544726,0.05200934215801487,4.555427941911295
0.02,0.3,4,300,169,169,9.04403554046626,0.503694166340753,0.024984986286544726,0.05200934215801487,4.555427941911295
0.02,0.3,4,400,169,169,9.04403554046626,0.503694166340753,0.024984986286544726,0.05200934215801487,4.555427941911295
0.02,0.3,4,500,169,169,9.04403554046626,0.503694166340753,0.024984986286544726,0.05200934215801487,4.555427941911295
0.02,0.3,5,50,166,50,13.845580625268662,0.600151243270229,0.0253326674435381,0.04306642250707507,8.309442426053181
0.02,0.3,5,100,166,100,10.917539032819063,0.5294239448727006,0.024122412740691414,0.047455746074024745,5.780006583056757
0.02,0.3,5,150,166,150,9.513620756062046,0.5017174449645911,0.024745204668627344,0.05171559106967796,4.773149498093551
0.02,0.3,5,200,166,166,9.12382151366107,0.504376146448179,0.02501766680505943,0.05204537143078724,4.601837935941362
0.02,0.3,5,250,166,166,9.12382151366107,0.504376146448179,0.02501766680505943,0.05204537143078724,4.601837935941362
0.02,0.3,5,300,166,166,9.12382151366107,0.504376146448179,0.02501766680505943,0.05204537143078724,4.601837935941362
0.02,0.3,5,400,166,166,9.12382151366107,0.504376146448179,0.02501766680505943,0.05204537143078724,4.601837935941362
0.02,0.3,5,500,166,166,9.12382151366107,0.504376146448179,0.02501766680505943,0.05204537143078724,4.601837935941362
0.02,0.3,6,50,150,50,13.845580625268662,0.600151243270229,0.0253326674435381,0.04306642250707507,8.309442426053181
0.02,0.3,6,100,150,100,10.917539032819063,0.5294239448727006,0.024122412740691414,0.047455746074024745,5.780006583056757
0.02,0.3,6,150,150,150,9.513620756062046,0.5017174449645911,0.024745204668627344,0.05171559106967796,4.773149498093551
0.02,0.3,6,200,150,150,9.513620756062046,0.5017174449645911,0.024745204668627344,0.05171559106967796,4.773149498093551
0.02,0.3,6,250,150,150,9.513620756062046,0.5017174449645911,0.024745204668627344,0.05171559106967796,4.773149498093551
0.02,0.3,6,300,150,150,9.513620756062046,0.5017174449645911,0.024745204668627344,0.05171559106967796,4.773149498093551
0.02,0.3,6,400,150,150,9.513620756062046,0.5017174449645911,0.024745204668627344,0.05171559106967796,4.773149498093551
0.02,0.3,6,500,150,150,9.513620756062046,0.5017174449645911,0.024745204668627344,0.05171559106967796,4.773149498093551
0.02,0.3,7,50,111,50,13.845580625268662,0.600151243270229,0.0253326674435381,0.04306642250707507,8.309442426053181
0.02,0.3,7,100,111,100,10.917539032819063,0.5294239448727006,0.024122412740691414,0.047455746074024745,5.780006583056757
0.02,0.3,7,150,111,111,10.548945115469158,0.5191449780893247,0.024234489192038716,0.048726935692142946,5.476431880835724
0.02,0.3,7,200,111,111,10.548945115469158,0.5191449780893247,0.024234489192038716,0.048726935692142946,5.476431880835724
0.02,0.3,7,250,111,111,10.548945115469158,0.5191449780893247,0.024234489192038716,0.048726935692142946,5.476431880835724
0.02,0.3,7,300,111,111,10.548945115469158,0.5191449780893247,0.024234489192038716,0.048726935692142946,5.476431880835724
0.02,0.3,7,400,111,111,10.548945115469158,0.5191449780893247,0.024234489192038716,0.048726935692142946,5.476431880835724
0.02,0.3,7,500,111,111,10.548945115469158,0.5191449780893247,0.024234489192038716,0.048726935692142946,5.476431880835724
0.02,0.3,8,50,74,50,13.845580625268662,0.600151243270229,0.0253326674435381,0.04306642250707507,8.309442426053181
0.02,0.3,8,100,74,74,12.098963642676175,0.5537916565061705,0.024270483235024603,0.04531575024333472,6.700305117685569
0.02,0.3,8,150,74,74,12.098963642676175,0.5537916565061705,0.024270483235024603,0.04531575024333472,6.700305117685569
0.02,0.3,8,200,74,74,12.098963642676175,0.5537916565061705,0.024270483235024603,0.04531575024333472,6.700305117685569
0.02,0.3,8,250,74,74,12.098963642676175,0.5537916565061705,0.024270483235024603,0.04531575024333472,6.700305117685569
0.02,0.3,8,300,74,74,12.098963642676175,0.5537916565061705,0.024270483235024603,0.04531575024333472,6.700305117685569
0.02,0.3,8,400,74,74,12.098963642676175,0.5537916565061705,0.024270483235024603,0.04531575024333472,6.700305117685569
0.02,0.3,8,500,74,74,12.098963642676175,0.5537916565061705,0.024270483235024603,0.04531575024333472,6.700305117685569
0.02,0.3,9,50,51,50,13.845580625268662,0.600151243270229,0.0253326674435381,0.04306642250707507,8.309442426053181
0.02,0.3,9,100,51,51,13.750997447471132,0.5997606154876957,0.025276610838553284,0.04298144539431664,8.247306692665019
0.02,0.3,9,150,51,51,13.750997447471132,0.5997606154876957,0.025276610838553284,0.04298144539431664,8.247306692665019
0.02,0.3,9,200,51,51,13.750997447471132,0.5997606154876957,0.025276610838553284,0.04298144539431664,8.247306692665019
0.02,0.3,9,250,51,51,13.750997447471132,0.5997606154876957,0.025276610838553284,0.04298144539431664,8.247306692665019
0.02,0.3,9,300,51,51,13.750997447471132,0.5997606154876957,0.025276610838553284,0.04298144539431664,8.247306692665019
0.02,0.3,9,400,51,51,13.750997447471132,0.5997606154876957,0.025276610838553284,0.04298144539431664,8.247306692665019
0.02,0.3,9,500,51,51,13.750997447471132,0.5997606154876957,0.025276610838553284,0.04298144539431664,8.247306692665019
0.02,0.3,10,50,45,45,14.349776529987452,0.609278531480371,0.025323542287084822,0.042253173766408324,8.743010771262249
0.02,0.3,10,100,45,45,14.349776529987452,0.609278531480371,0.025323542287084822,0.042253173766408324,8.743010771262249
0.02,0.3,10,150,45,45,14.349776529987452,0.609278531480371,0.025323542287084822,0.042253173766408324,8.743010771262249
0.02,0.3,10,200,45,45,14.349776529987452,0.609278531480371,0.025323542287084822,0.042253173766408324,8.743010771262249
0.02,0.3,10,250,45,45,14.349776529987452,0.609278531480371,0.025323542287084822,0.042253173766408324,8.743010771262249
0.02,0.3,10,300,45,45,14.349776529987452,0.609278531480371,0.025323542287084822,0.042253173766408324,8.743010771262249
0.02,0.3,10,400,45,45,14.349776529987452,0.609278531480371,0.025323542287084822,0.042253173766408324,8.743010771262249
0.02,0.3,10,500,45,45,14.349776529987452,0.609278531480371,0.025323542287084822,0.042253173766408324,8.743010771262249
0.02,0.4,1,50,135,50,13.841587199563051,0.6042337039036443,0.025310471117030137,0.042586981854503075,8.363553501497254
0.02,0.4,1,100,135,100,10.78765213331424,0.545178340084382,0.024588535597358643,0.046581210809611,5.881194283448
0.02,0.4,1,150,135,135,9.516328207857716,0.5414161858385275,0.025269695643148835,0.048108893533675735,5.152294121485914
0.02,0.4,1,200,135,135,9.516328207857716,0.5414161858385275,0.025269695643148835,0.048108893533675735,5.152294121485914
0.02,0.4,1,250,135,135,9.516328207857716,0.5414161858385275,0.025269695643148835,0.048108893533675735,5.152294121485914
0.02,0.4,1,300,135,135,9.516328207857716,0.5414161858385275,0.025269695643148835,0.048108893533675735,5.152294121485914
0.02,0.4,1,400,135,135,9.516328207857716,0.5414161858385275,0.025269695643148835,0.048108893533675735,5.152294121485914
0.02,0.4,1,500,135,135,9.516328207857716,0.5414161858385275,0.025269695643148835,0.048108893533675735,5.152294121485914
0.02,0.4,2,50,135,50,13.841587199563051,0.6042337039036443,0.025310471117030137,0.042586981854503075,8.363553501497254
0.02,0.4,2,100,135,100,10.78765213331424,0.545178340084382,0.024588535597358643,0.046581210809611,5.881194283448
0.02,0.4,2,150,135,135,9.516328207857716,0.5414161858385275,0.025269695643148835,0.048108893533675735,5.152294121485914
0.02,0.4,2,200,135,135,9.516328207857716,0.5414161858385275,0.025269695643148835,0.048108893533675735,5.152294121485914
0.02,0.4,2,250,135,135,9.516328207857716,0.5414161858385275,0.025269695643148835,0.048108893533675735,5.152294121485914
0.02,0.4,2,300,135,135,9.516328207857716,0.5414161858385275,0.025269695643148835,0.048108893533675735,5.152294121485914
0.02,0.4,2,400,135,135,9.516328207857716,0.5414161858385275,0.025269695643148835,0.048108893533675735,5.152294121485914
0.02,0.4,2,500,135,135,9.516328207857716,0.5414161858385275,0.025269695643148835,0.048108893533675735,5.152294121485914
0.02,0.4,3,50,135,50,13.841587199563051,0.6042337039036443,0.025310471117030137,0.042586981854503075,8.363553501497254
0.02,0.4,3,100,135,100,10.78765213331424,0.545178340084382,0.024588535597358643,0.046581210809611,5.881194283448
0.02,0.4,3,150,135,135,9.516328207857716,0.5414161858385275,0.025269695643148835,0.048108893533675735,5.152294121485914
0.02,0.4,3,200,135,135,9.516328207857716,0.5414161858385275,0.025269695643148835,0.048108893533675735,5.152294121485914
0.02,0.4,3,250,135,135,9.516328207857716,0.5414161858385275,0.025269695643148835,0.048108893533675735,5.152294121485914
0.02,0.4,3,300,135,135,9.516328207857716,0.5414161858385275,0.025269695643148835,0.048108893533675735,5.152294121485914
0.02,0.4,3,400,135,135,9.516328207857716,0.5414161858385275,0.025269695643148835,0.048108893533675735,5.152294121485914
0.02,0.4,3,500,135,135,9.516328207857716,0.5414161858385275,0.025269695643148835,0.048108893533675735,5.152294121485914
0.02,0.4,4,50,134,50,13.841587199563051,0.6042337039036443,0.025310471117030137,0.042586981854503075,8.363553501497254
0.02,0.4,4,100,134,100,10.78765213331424,0.545178340084382,0.024588535597358643,0.046581210809611,5.881194283448
0.02,0.4,4,150,134,134,9.557713232305945,0.5422748395451785,0.0252988428922476,0.048093973283242525,5.182907409467536
0.02,0.4,4,200,134,134,9.557713232305945,0.5422748395451785,0.0252988428922476,0.048093973283242525,5.182907409467536
0.02,0.4,4,250,134,134,9.557713232305945,0.5422748395451785,0.0252988428922476,0.048093973283242525,5.182907409467536
0.02,0.4,4,300,134,134,9.557713232305945,0.5422748395451785,0.0252988428922476,0.048093973283242525,5.182907409467536
0.02,0.4,4,400,134,134,9.557713232305945,0.5422748395451785,0.0252988428922476,0.048093973283242525,5.182907409467536
0.02,0.4,4,500,134,134,9.557713232305945,0.5422748395451785,0.0252988428922476,0.048093973283242525,5.182907409467536
0.02,0.4,5,50,131,50,13.841587199563051,0.6042337039036443,0.025310471117030137,0.042586981854503075,8.363553501497254
0.02,0.4,5,100,131,100,10.78765213331424,0.545178340084382,0.024588535597358643,0.046581210809611,5.881194283448
0.02,0.4,5,150,131,131,9.670579679831576,0.5440225549455295,0.025347442402862477,0.048049963761531825,5.261013465226295
0.02,0.4,5,200,131,131,9.670579679831576,0.5440225549455295,0.025347442402862477,0.048049963761531825,5.261013465226295
0.02,0.4,5,250,131,131,9.670579679831576,0.5440225549455295,0.025347442402862477,0.048049963761531825,5.261013465226295
0.02,0.4,5,300,131,131,9.670579679831576,0.5440225549455295,0.025347442402862477,0.048049963761531825,5.261013465226295
0.02,0.4,5,400,131,131,9.670579679831576,0.5440225549455295,0.025347442402862477,0.048049963761531825,5.261013465226295
0.02,0.4,5,500,131,131,9.670579679831576,0.5440225549455295,0.025347442402862477,0.048049963761531825,5.261013465226295
0.02,0.4,6,50,119,50,13.841587199563051,0.6042337039036443,0.025310471117030137,0.042586981854503075,8.363553501497254
0.02,0.4,6,100,119,100,10.78765213331424,0.545178340084382,0.024588535597358643,0.046581210809611,5.881194283448
0.02,0.4,6,150,119,119,10.091555816487174,0.5399868965117597,0.02516904880813654,0.048186546135018014,5.449307906320106
0.02,0.4,6,200,119,119,10.091555816487174,0.5399868965117597,0.02516904880813654,0.048186546135018014,5.449307906320106
0.02,0.4,6,250,119,119,10.091555816487174,0.5399868965117597,0.02516904880813654,0.048186546135018014,5.449307906320106
0.02,0.4,6,300,119,119,10.091555816487174,0.5399868965117597,0.02516904880813654,0.048186546135018014,5.449307906320106
0.02,0.4,6,400,119,119,10.091555816487174,0.5399868965117597,0.02516904880813654,0.048186546135018014,5.449307906320106
0.02,0.4,6,500,119,119,10.091555816487174,0.5399868965117597,0.02516904880813654,0.048186546135018014,5.449307906320106
0.02,0.4,7,50,95,50,13.841587199563051,0.6042337039036443,0.025310471117030137,0.042586981854503075,8.363553501497254
0.02,0.4,7,100,95,95,10.988337419216702,0.5473723264795144,0.024538038954553018,0.04619230780463728,6.014711817298549
0.02,0.4,7,150,95,95,10.988337419216702,0.5473723264795144,0.024538038954553018,0.04619230780463728,6.014711817298549
0.02,0.4,7,200,95,95,10.988337419216702,0.5473723264795144,0.024538038954553018,0.04619230780463728,6.014711817298549
0.02,0.4,7,250,95,95,10.988337419216702,0.5473723264795144,0.024538038954553018,0.04619230780463728,6.014711817298549
0.02,0.4,7,300,95,95,10.988337419216702,0.5473723264795144,0.024538038954553018,0.04619230780463728,6.014711817298549
0.02,0.4,7,400,95,95,10.988337419216702,0.5473723264795144,0.024538038954553018,0.04619230780463728,6.014711817298549
0.02,0.4,7,500,95,95,10.988337419216702,0.5473723264795144,0.024538038954553018,0.04619230780463728,6.014711817298549
0.02,0.4,8,50,67,50,13.841587199563051,0.6042337039036443,0.025310471117030137,0.042586981854503075,8.363553501497254
0.02,0.4,8,100,67,67,12.467599762039466,0.5757704539595832,0.0245468180986196,0.04347084288893471,7.178475574775854
0.02,0.4,8,150,67,67,12.467599762039466,0.5757704539595832,0.0245468180986196,0.04347084288893471,7.178475574775854
0.02,0.4,8,200,67,67,12.467599762039466,0.5757704539595832,0.0245468180986196,0.04347084288893471,7.178475574775854
0.02,0.4,8,250,67,67,12.467599762039466,0.5757704539595832,0.0245468180986196,0.04347084288893471,7.178475574775854
0.02,0.4,8,300,67,67,12.467599762039466,0.5757704539595832,0.0245468180986196,0.04347084288893471,7.178475574775854
0.02,0.4,8,400,67,67,12.467599762039466,0.5757704539595832,0.0245468180986196,0.04347084288893471,7.178475574775854
0.02,0.4,8,500,67,67,12.467599762039466,0.5757704539595832,0.0245468180986196,0.04347084288893471,7.178475574775854
0.02,0.4,9,50,50,50,13.841587199563051,0.6042337039036443,0.025310471117030137,0.042586981854503075,8.363553501497254
0.02,0.4,9,100,50,50,13.841587199563051,0.6042337039036443,0.025310471117030137,0.042586981854503075,8.363553501497254
0.02,0.4,9,150,50,50,13.841587199563051,0.6042337039036443,0.025310471117030137,0.042586981854503075,8.363553501497254
0.02,0.4,9,200,50,50,13.841587199563051,0.6042337039036443,0.025310471117030137,0.042586981854503075,8.363553501497254
0.02,0.4,9,250,50,50,13.841587199563051,0.6042337039036443,0.025310471117030137,0.042586981854503075,8.363553501497254
0.02,0.4,9,300,50,50,13.841587199563051,0.6042337039036443,0.025310471117030137,0.042586981854503075,8.363553501497254
0.02,0.4,9,400,50,50,13.841587199563051,0.6042337039036443,0.025310471117030137,0.042586981854503075,8.363553501497254
0.02,0.4,9,500,50,50,13.841587199563051,0.6042337039036443,0.025310471117030137,0.042586981854503075,8.363553501497254
0.02,0.4,10,50,45,45,14.349776529987452,0.609278531480371,0.025323542287084822,0.042253173766408324,8.743010771262249
0.02,0.4,10,100,45,45,14.349776529987452,0.609278531480371,0.025323542287084822,0.042253173766408324,8.743010771262249
0.02,0.4,10,150,45,45,14.349776529987452,0.609278531480371,0.025323542287084822,0.042253173766408324,8.743010771262249
0.02,0.4,10,200,45,45,14.349776529987452,0.609278531480371,0.025323542287084822,0.042253173766408324,8.743010771262249
0.02,0.4,10,250,45,45,14.349776529987452,0.609278531480371,0.025323542287084822,0.042253173766408324,8.743010771262249
0.02,0.4,10,300,45,45,14.349776529987452,0.609278531480371,0.025323542287084822,0.042253173766408324,8.743010771262249
0.02,0.4,10,400,45,45,14.349776529987452,0.609278531480371,0.025323542287084822,0.042253173766408324,8.743010771262249
0.02,0.4,10,500,45,45,14.349776529987452,0.609278531480371,0.025323542287084822,0.042253173766408324,8.743010771262249
