antecedents,consequents,antecedent support,consequent support,support,confidence,lift,representativity,leverage,conviction,zhangs_metric,jaccard,certainty,kulczynski,antecedents_str,consequents_str,rule_str
"frozenset({'HERB MARKER ROSEMARY', 'HERB MARKER PARSLEY'})",frozenset({'HERB MARKER THYME'}),0.011486598967870817,0.012762887742078685,0.010931690805171744,0.9516908212560387,74.56704473850031,1.0,0.010785088632006532,20.435808223738974,0.9980534901255442,0.8208333333333334,0.9510662857543181,0.9041062801932367,"HERB MARKER PARSLEY, HERB MARKER ROSEMARY",HERB MARKER THYME,"HERB MARKER PARSLEY, HERB MARKER ROSEMARY → HERB MARKER THYME"
"frozenset({'HERB MARKER MINT', 'HERB MARKER THYME'})",frozenset({'HERB MARKER ROSEMARY'}),0.011098163253981465,0.012818378558348593,0.0105987459075523,0.9550000000000001,74.50240259740261,1.0,0.010456485449660413,21.937369365370067,0.9976496932408998,0.7958333333333335,0.9544156829679596,0.8909199134199135,"HERB MARKER MINT, HERB MARKER THYME",HERB MARKER ROSEMARY,"HERB MARKER MINT, HERB MARKER THYME → HERB MARKER ROSEMARY"
"frozenset({'HERB MARKER MINT', 'HERB MARKER THYME'})",frozenset({'HERB MARKER PARSLEY'}),0.011098163253981465,0.012651906109538872,0.010432273458742577,0.94,74.29710526315789,1.0,0.010291860539264869,16.455801564841003,0.9976121883458077,0.7833333333333332,0.9392311583206878,0.8822807017543859,"HERB MARKER MINT, HERB MARKER THYME",HERB MARKER PARSLEY,"HERB MARKER MINT, HERB MARKER THYME → HERB MARKER PARSLEY"
"frozenset({'HERB MARKER PARSLEY', 'HERB MARKER THYME'})",frozenset({'HERB MARKER ROSEMARY'}),0.011486598967870817,0.012818378558348593,0.010931690805171744,0.9516908212560387,74.24424367902628,1.0,0.01078445123125364,20.43465956384219,0.9979945049778335,0.8174273858921163,0.9510635351239501,0.9022523370349458,"HERB MARKER PARSLEY, HERB MARKER THYME",HERB MARKER ROSEMARY,"HERB MARKER PARSLEY, HERB MARKER THYME → HERB MARKER ROSEMARY"
"frozenset({'HERB MARKER BASIL', 'HERB MARKER THYME'})",frozenset({'HERB MARKER ROSEMARY'}),0.011264635702791188,0.012818378558348593,0.010709727540092116,0.9507389162561577,74.16998272663298,1.0,0.01056533317533185,20.039786915265548,0.9977568238906107,0.8008298755186722,0.9500992698061955,0.8931183758769967,"HERB MARKER BASIL, HERB MARKER THYME",HERB MARKER ROSEMARY,"HERB MARKER BASIL, HERB MARKER THYME → HERB MARKER ROSEMARY"
"frozenset({'HERB MARKER ROSEMARY', 'HERB MARKER BASIL'})",frozenset({'HERB MARKER THYME'}),0.01143110815160091,0.012762887742078685,0.010709727540092116,0.9368932038834953,73.40761924862812,1.0,0.010563833589985673,15.64391116347171,0.9977832035936416,0.7942386831275722,0.936077366487801,0.8880118193330521,"HERB MARKER BASIL, HERB MARKER ROSEMARY",HERB MARKER THYME,"HERB MARKER BASIL, HERB MARKER ROSEMARY → HERB MARKER THYME"
"frozenset({'HERB MARKER MINT', 'HERB MARKER ROSEMARY'})",frozenset({'HERB MARKER THYME'}),0.011375617335331002,0.012762887742078685,0.0105987459075523,0.9317073170731708,73.00129374337223,1.0,0.010453560180504626,14.455972000919573,0.9976505029892536,0.7827868852459018,0.9308244371297628,0.8810710498409333,"HERB MARKER MINT, HERB MARKER ROSEMARY",HERB MARKER THYME,"HERB MARKER MINT, HERB MARKER ROSEMARY → HERB MARKER THYME"
"frozenset({'HERB MARKER MINT', 'HERB MARKER ROSEMARY'})",frozenset({'HERB MARKER PARSLEY'}),0.011375617335331002,0.012651906109538872,0.010487764275012485,0.9219512195121952,72.87053915275995,1.0,0.010343841032547834,12.65039745297154,0.9976256405870235,0.7745901639344263,0.9209511002545534,0.8754492939666239,"HERB MARKER MINT, HERB MARKER ROSEMARY",HERB MARKER PARSLEY,"HERB MARKER MINT, HERB MARKER ROSEMARY → HERB MARKER PARSLEY"
"frozenset({'HERB MARKER BASIL', 'HERB MARKER THYME'})",frozenset({'HERB MARKER PARSLEY'}),0.011264635702791188,0.012651906109538872,0.010376782642472672,0.9211822660098523,72.80976147264714,1.0,0.010234263529202798,12.52697894123524,0.9975020753513092,0.7663934426229508,0.9201722933605097,0.8706788523031718,"HERB MARKER BASIL, HERB MARKER THYME",HERB MARKER PARSLEY,"HERB MARKER BASIL, HERB MARKER THYME → HERB MARKER PARSLEY"
frozenset({'HERB MARKER CHIVES '}),frozenset({'HERB MARKER PARSLEY'}),0.011264635702791188,0.012651906109538872,0.010376782642472672,0.9211822660098523,72.80976147264714,1.0,0.010234263529202798,12.52697894123524,0.9975020753513092,0.7663934426229508,0.9201722933605097,0.8706788523031718,HERB MARKER CHIVES ,HERB MARKER PARSLEY,HERB MARKER CHIVES  → HERB MARKER PARSLEY
frozenset({'HERB MARKER PARSLEY'}),frozenset({'HERB MARKER CHIVES '}),0.012651906109538872,0.011264635702791188,0.010376782642472672,0.8201754385964912,72.80976147264714,1.0,0.010234263529202798,5.4983332453600875,0.9989036125785211,0.7663934426229508,0.8181267021521702,0.8706788523031718,HERB MARKER PARSLEY,HERB MARKER CHIVES ,HERB MARKER PARSLEY → HERB MARKER CHIVES 
"frozenset({'HERB MARKER ROSEMARY', 'HERB MARKER THYME'})",frozenset({'HERB MARKER PARSLEY'}),0.011875034681760169,0.012651906109538872,0.010931690805171744,0.9205607476635514,72.76063698967043,1.0,0.010781448981330597,12.428970123091693,0.9981088826358425,0.8040816326530612,0.9195428108607239,0.8922979176914249,"HERB MARKER ROSEMARY, HERB MARKER THYME",HERB MARKER PARSLEY,"HERB MARKER ROSEMARY, HERB MARKER THYME → HERB MARKER PARSLEY"
frozenset({'HERB MARKER THYME'}),frozenset({'HERB MARKER ROSEMARY'}),0.012762887742078685,0.012818378558348593,0.011875034681760169,0.9304347826086957,72.58599661208358,1.0,0.011711435155184496,14.190735808223753,0.9989730184903949,0.8663967611336033,0.9295314905784883,0.9284208545078111,HERB MARKER THYME,HERB MARKER ROSEMARY,HERB MARKER THYME → HERB MARKER ROSEMARY
frozenset({'HERB MARKER ROSEMARY'}),frozenset({'HERB MARKER THYME'}),0.012818378558348593,0.012762887742078685,0.011875034681760169,0.9264069264069265,72.58599661208358,1.0,0.011711435155184496,13.41481017244588,0.9990291721170665,0.8663967611336033,0.9254555236231365,0.9284208545078111,HERB MARKER ROSEMARY,HERB MARKER THYME,HERB MARKER ROSEMARY → HERB MARKER THYME
"frozenset({'HERB MARKER MINT', 'HERB MARKER BASIL'})",frozenset({'HERB MARKER ROSEMARY'}),0.01120914488652128,0.012818378558348593,0.010376782642472672,0.9257425742574258,72.21994342291373,1.0,0.010233099580001865,13.294045835414247,0.9973326554933102,0.7601626016260165,0.9247783547326065,0.8676331918906177,"HERB MARKER BASIL, HERB MARKER MINT",HERB MARKER ROSEMARY,"HERB MARKER BASIL, HERB MARKER MINT → HERB MARKER ROSEMARY"
"frozenset({'HERB MARKER BASIL', 'HERB MARKER PARSLEY'})",frozenset({'HERB MARKER THYME'}),0.011264635702791188,0.012762887742078685,0.010376782642472672,0.9211822660098523,72.17663311201544,1.0,0.010233013361542536,12.525570861772392,0.9973802253684462,0.7601626016260165,0.9201633194178825,0.8671128721353609,"HERB MARKER BASIL, HERB MARKER PARSLEY",HERB MARKER THYME,"HERB MARKER BASIL, HERB MARKER PARSLEY → HERB MARKER THYME"
"frozenset({'HERB MARKER MINT', 'HERB MARKER BASIL'})",frozenset({'HERB MARKER PARSLEY'}),0.01120914488652128,0.012651906109538872,0.010210310193662949,0.9108910891089109,71.99635226680563,1.0,0.010068493144990464,11.08023972032629,0.9972891661807011,0.7479674796747967,0.9097492450307246,0.85895431648428,"HERB MARKER BASIL, HERB MARKER MINT",HERB MARKER PARSLEY,"HERB MARKER BASIL, HERB MARKER MINT → HERB MARKER PARSLEY"
"frozenset({'HERB MARKER MINT', 'HERB MARKER PARSLEY'})",frozenset({'HERB MARKER ROSEMARY'}),0.011375617335331002,0.012818378558348593,0.010487764275012485,0.9219512195121952,71.92416851441241,1.0,0.0103419473056733,12.648264524721165,0.9974429975552562,0.7651821862348178,0.9209377699173282,0.8700665188470067,"HERB MARKER MINT, HERB MARKER PARSLEY",HERB MARKER ROSEMARY,"HERB MARKER MINT, HERB MARKER PARSLEY → HERB MARKER ROSEMARY"
"frozenset({'HERB MARKER BASIL', 'HERB MARKER PARSLEY'})",frozenset({'HERB MARKER ROSEMARY'}),0.011264635702791188,0.012818378558348593,0.010376782642472672,0.9211822660098523,71.86418015482056,1.0,0.010232388277712405,12.524866822040968,0.9973193003770148,0.757085020242915,0.9201588316899127,0.865353037766831,"HERB MARKER BASIL, HERB MARKER PARSLEY",HERB MARKER ROSEMARY,"HERB MARKER BASIL, HERB MARKER PARSLEY → HERB MARKER ROSEMARY"
"frozenset({'HERB MARKER MINT', 'HERB MARKER PARSLEY'})",frozenset({'HERB MARKER THYME'}),0.011375617335331002,0.012762887742078685,0.010432273458742577,0.9170731707317074,71.85467656415695,1.0,0.010287087731694903,11.904918118404352,0.9974293964784223,0.7611336032388664,0.9160011022289977,0.8672322375397667,"HERB MARKER MINT, HERB MARKER PARSLEY",HERB MARKER THYME,"HERB MARKER MINT, HERB MARKER PARSLEY → HERB MARKER THYME"
"frozenset({'HERB MARKER ROSEMARY', 'HERB MARKER BASIL'})",frozenset({'HERB MARKER PARSLEY'}),0.01143110815160091,0.012651906109538872,0.010376782642472672,0.9077669902912623,71.74942514052121,1.0,0.010232157335410632,10.704931965338702,0.9974647333482419,0.757085020242915,0.9065851139233877,0.8639712144438767,"HERB MARKER BASIL, HERB MARKER ROSEMARY",HERB MARKER PARSLEY,"HERB MARKER BASIL, HERB MARKER ROSEMARY → HERB MARKER PARSLEY"
frozenset({'HERB MARKER PARSLEY'}),frozenset({'HERB MARKER THYME'}),0.012651906109538872,0.012762887742078685,0.011486598967870817,0.9078947368421052,71.13552631578948,1.0,0.011325124110471454,10.718574361657424,0.9985762191123851,0.8247011952191233,0.9067040106026405,0.9039473684210526,HERB MARKER PARSLEY,HERB MARKER THYME,HERB MARKER PARSLEY → HERB MARKER THYME
frozenset({'HERB MARKER THYME'}),frozenset({'HERB MARKER PARSLEY'}),0.012762887742078685,0.012651906109538872,0.011486598967870817,0.9,71.13552631578948,1.0,0.011325124110471454,9.873480938904613,0.9986884754463868,0.8247011952191233,0.8987185972011466,0.9039473684210526,HERB MARKER THYME,HERB MARKER PARSLEY,HERB MARKER THYME → HERB MARKER PARSLEY
frozenset({'HERB MARKER CHIVES '}),frozenset({'HERB MARKER THYME'}),0.011264635702791188,0.012762887742078685,0.010210310193662949,0.9064039408866995,71.01871921182266,1.0,0.010066540912732813,10.547849146755686,0.9971517566505782,0.7389558232931728,0.9051939418087355,0.8532019704433498,HERB MARKER CHIVES ,HERB MARKER THYME,HERB MARKER CHIVES  → HERB MARKER THYME
frozenset({'HERB MARKER THYME'}),frozenset({'HERB MARKER CHIVES '}),0.012762887742078685,0.011264635702791188,0.010210310193662949,0.8,71.01871921182266,1.0,0.010066540912732813,4.9436768214860445,0.9986650553650722,0.7389558232931728,0.7977214053204625,0.8532019704433498,HERB MARKER THYME,HERB MARKER CHIVES ,HERB MARKER THYME → HERB MARKER CHIVES 
"frozenset({'HERB MARKER MINT', 'HERB MARKER ROSEMARY'})",frozenset({'HERB MARKER BASIL'}),0.011375617335331002,0.0128738693746185,0.010376782642472672,0.9121951219512197,70.85632884777125,1.0,0.010230334430841974,11.242269821011307,0.9972310535023496,0.7480000000000001,0.9110499911564972,0.8591148023549202,"HERB MARKER MINT, HERB MARKER ROSEMARY",HERB MARKER BASIL,"HERB MARKER MINT, HERB MARKER ROSEMARY → HERB MARKER BASIL"
frozenset({'HERB MARKER PARSLEY'}),frozenset({'HERB MARKER ROSEMARY'}),0.012651906109538872,0.012818378558348593,0.011486598967870817,0.9078947368421052,70.82758031442242,1.0,0.011324422045874064,10.717971889937923,0.9985143155955322,0.8214285714285715,0.9066987663086891,0.9019993164730007,HERB MARKER PARSLEY,HERB MARKER ROSEMARY,HERB MARKER PARSLEY → HERB MARKER ROSEMARY
frozenset({'HERB MARKER ROSEMARY'}),frozenset({'HERB MARKER PARSLEY'}),0.012818378558348593,0.012651906109538872,0.011486598967870817,0.8961038961038961,70.82758031442242,1.0,0.011324422045874064,9.503225403695685,0.998682699122614,0.8214285714285715,0.8947725685206717,0.9019993164730007,HERB MARKER ROSEMARY,HERB MARKER PARSLEY,HERB MARKER ROSEMARY → HERB MARKER PARSLEY
"frozenset({'HERB MARKER MINT', 'HERB MARKER THYME'})",frozenset({'HERB MARKER BASIL'}),0.011098163253981465,0.0128738693746185,0.010099328561123133,0.91,70.68581896551724,1.0,0.009956452257093185,10.968068118059797,0.996916836600356,0.7279999999999999,0.9088262409354095,0.8472413793103448,"HERB MARKER MINT, HERB MARKER THYME",HERB MARKER BASIL,"HERB MARKER MINT, HERB MARKER THYME → HERB MARKER BASIL"
"frozenset({'HERB MARKER ROSEMARY', 'HERB MARKER PARSLEY'})",frozenset({'HERB MARKER MINT'}),0.011486598967870817,0.012929360190888408,0.010487764275012485,0.9130434782608695,70.61783914909498,1.0,0.010339249899588596,11.351312357804776,0.9972947975642485,0.7529880478087649,0.9119044592837379,0.8621011382720656,"HERB MARKER PARSLEY, HERB MARKER ROSEMARY",HERB MARKER MINT,"HERB MARKER PARSLEY, HERB MARKER ROSEMARY → HERB MARKER MINT"
"frozenset({'HERB MARKER MINT', 'HERB MARKER BASIL'})",frozenset({'HERB MARKER THYME'}),0.01120914488652128,0.012762887742078685,0.010099328561123133,0.9009900990099009,70.59453293155403,1.0,0.009956267503251768,9.971094833804997,0.9970102292342597,0.7279999999999999,0.8997101104073646,0.8461472234179939,"HERB MARKER BASIL, HERB MARKER MINT",HERB MARKER THYME,"HERB MARKER BASIL, HERB MARKER MINT → HERB MARKER THYME"
frozenset({'HERB MARKER CHIVES '}),frozenset({'HERB MARKER ROSEMARY'}),0.011264635702791188,0.012818378558348593,0.010154819377393041,0.9014778325123152,70.32697844027892,1.0,0.010010425012632775,10.019893457632751,0.9970116791088034,0.7290836653386453,0.9001985396123907,0.8468428123600537,HERB MARKER CHIVES ,HERB MARKER ROSEMARY,HERB MARKER CHIVES  → HERB MARKER ROSEMARY
frozenset({'HERB MARKER ROSEMARY'}),frozenset({'HERB MARKER CHIVES '}),0.012818378558348593,0.011264635702791188,0.010154819377393041,0.7922077922077921,70.32697844027892,1.0,0.010010425012632775,4.758288940680315,0.9985808936683899,0.7290836653386453,0.7898404211121687,0.8468428123600537,HERB MARKER ROSEMARY,HERB MARKER CHIVES ,HERB MARKER ROSEMARY → HERB MARKER CHIVES 
"frozenset({'HERB MARKER PARSLEY', 'HERB MARKER THYME'})",frozenset({'HERB MARKER MINT'}),0.011486598967870817,0.012929360190888408,0.010432273458742577,0.9082125603864734,70.24419978851775,1.0,0.010283759083318689,10.753874865288733,0.9972185992848083,0.7460317460317459,0.9070102625772789,0.8575397565880865,"HERB MARKER PARSLEY, HERB MARKER THYME",HERB MARKER MINT,"HERB MARKER PARSLEY, HERB MARKER THYME → HERB MARKER MINT"
"frozenset({'HERB MARKER ROSEMARY', 'HERB MARKER BASIL'})",frozenset({'HERB MARKER MINT'}),0.01143110815160091,0.012929360190888408,0.010376782642472672,0.9077669902912623,70.20973790574608,1.0,0.010228985727799622,10.701923778983017,0.9971555544882714,0.7420634920634922,0.9065588560849358,0.8551710487936999,"HERB MARKER BASIL, HERB MARKER ROSEMARY",HERB MARKER MINT,"HERB MARKER BASIL, HERB MARKER ROSEMARY → HERB MARKER MINT"
"frozenset({'HERB MARKER ROSEMARY', 'HERB MARKER PARSLEY'})",frozenset({'HERB MARKER BASIL'}),0.011486598967870817,0.0128738693746185,0.010376782642472672,0.9033816425120774,70.17172663668167,1.0,0.010228905667801675,10.21675545197271,0.9972037254841922,0.7420634920634922,0.9021215683686631,0.8547080626353492,"HERB MARKER PARSLEY, HERB MARKER ROSEMARY",HERB MARKER BASIL,"HERB MARKER PARSLEY, HERB MARKER ROSEMARY → HERB MARKER BASIL"
"frozenset({'HERB MARKER PARSLEY', 'HERB MARKER THYME'})",frozenset({'HERB MARKER BASIL'}),0.011486598967870817,0.0128738693746185,0.010376782642472672,0.9033816425120774,70.17172663668167,1.0,0.010228905667801675,10.21675545197271,0.9972037254841922,0.7420634920634922,0.9021215683686631,0.8547080626353492,"HERB MARKER PARSLEY, HERB MARKER THYME",HERB MARKER BASIL,"HERB MARKER PARSLEY, HERB MARKER THYME → HERB MARKER BASIL"
frozenset({'HERB MARKER CHIVES '}),frozenset({'HERB MARKER MINT'}),0.011264635702791188,0.012929360190888408,0.010210310193662949,0.9064039408866995,70.10431510179919,1.0,0.01006466566124242,10.546070520065772,0.996966001649529,0.73015873015873,0.9051779524802795,0.8480517558510751,HERB MARKER CHIVES ,HERB MARKER MINT,HERB MARKER CHIVES  → HERB MARKER MINT
"frozenset({'HERB MARKER BASIL', 'HERB MARKER PARSLEY'})",frozenset({'HERB MARKER MINT'}),0.011264635702791188,0.012929360190888408,0.010210310193662949,0.9064039408866995,70.10431510179919,1.0,0.01006466566124242,10.546070520065772,0.996966001649529,0.73015873015873,0.9051779524802795,0.8480517558510751,"HERB MARKER BASIL, HERB MARKER PARSLEY",HERB MARKER MINT,"HERB MARKER BASIL, HERB MARKER PARSLEY → HERB MARKER MINT"
frozenset({'HERB MARKER MINT'}),frozenset({'HERB MARKER CHIVES '}),0.012929360190888408,0.011264635702791188,0.010210310193662949,0.7896995708154506,70.10431510179919,1.0,0.01006466566124242,4.701537548596931,0.9986474149646563,0.73015873015873,0.7873036236202288,0.8480517558510751,HERB MARKER MINT,HERB MARKER CHIVES ,HERB MARKER MINT → HERB MARKER CHIVES 
"frozenset({'HERB MARKER ROSEMARY', 'HERB MARKER THYME'})",frozenset({'HERB MARKER BASIL'}),0.011875034681760169,0.0128738693746185,0.010709727540092116,0.9018691588785047,70.05424186271351,1.0,0.010556849894780071,10.059285331134845,0.9975715435886976,0.7628458498023717,0.9005893592753687,0.8668828553013214,"HERB MARKER ROSEMARY, HERB MARKER THYME",HERB MARKER BASIL,"HERB MARKER ROSEMARY, HERB MARKER THYME → HERB MARKER BASIL"
"frozenset({'HERB MARKER MINT', 'HERB MARKER PARSLEY'})",frozenset({'HERB MARKER BASIL'}),0.011375617335331002,0.0128738693746185,0.010210310193662949,0.8975609756097561,69.71959629941126,1.0,0.010063861982032251,9.636231275152536,0.9969983014779094,0.7272727272727273,0.8962249896825799,0.845332211942809,"HERB MARKER MINT, HERB MARKER PARSLEY",HERB MARKER BASIL,"HERB MARKER MINT, HERB MARKER PARSLEY → HERB MARKER BASIL"
frozenset({'HERB MARKER PARSLEY'}),frozenset({'HERB MARKER MINT'}),0.012651906109538872,0.012929360190888408,0.011375617335331002,0.8991228070175438,69.54116783374745,1.0,0.011212036284139472,9.784874168542489,0.998249791299127,0.8007812499999999,0.8978014450901257,0.8894755665989006,HERB MARKER PARSLEY,HERB MARKER MINT,HERB MARKER PARSLEY → HERB MARKER MINT
frozenset({'HERB MARKER MINT'}),frozenset({'HERB MARKER PARSLEY'}),0.012929360190888408,0.012651906109538872,0.011375617335331002,0.8798283261802574,69.54116783374745,1.0,0.011212036284139472,8.216146638445617,0.9985303877099936,0.8007812499999999,0.8782884429885022,0.8894755665989006,HERB MARKER MINT,HERB MARKER PARSLEY,HERB MARKER MINT → HERB MARKER PARSLEY
"frozenset({'HERB MARKER BASIL', 'HERB MARKER THYME'})",frozenset({'HERB MARKER MINT'}),0.011264635702791188,0.012929360190888408,0.010099328561123133,0.8965517241379309,69.34231167677963,1.0,0.009953684028702605,9.54168285148807,0.9968074634984503,0.716535433070866,0.8951966843203089,0.8388338019831285,"HERB MARKER BASIL, HERB MARKER THYME",HERB MARKER MINT,"HERB MARKER BASIL, HERB MARKER THYME → HERB MARKER MINT"
frozenset({'HERB MARKER ROSEMARY'}),frozenset({'HERB MARKER BASIL'}),0.012818378558348593,0.0128738693746185,0.01143110815160091,0.8917748917748918,69.27015226153158,1.0,0.01126608602044632,9.121045446978524,0.998361138852961,0.801556420233463,0.890363445088275,0.8898529631288252,HERB MARKER ROSEMARY,HERB MARKER BASIL,HERB MARKER ROSEMARY → HERB MARKER BASIL
frozenset({'HERB MARKER BASIL'}),frozenset({'HERB MARKER ROSEMARY'}),0.0128738693746185,0.012818378558348593,0.01143110815160091,0.8879310344827586,69.27015226153156,1.0,0.01126608602044632,8.808697545171654,0.9984172612397648,0.801556420233463,0.8864758388090945,0.8898529631288252,HERB MARKER BASIL,HERB MARKER ROSEMARY,HERB MARKER BASIL → HERB MARKER ROSEMARY
frozenset({'HERB MARKER PARSLEY'}),frozenset({'HERB MARKER BASIL'}),0.012651906109538872,0.0128738693746185,0.011264635702791188,0.8903508771929824,69.1595394736842,1.0,0.011101756716197047,9.002590311303479,0.9981694245730665,0.7898832684824901,0.8889208588394365,0.8826754385964912,HERB MARKER PARSLEY,HERB MARKER BASIL,HERB MARKER PARSLEY → HERB MARKER BASIL
frozenset({'HERB MARKER BASIL'}),frozenset({'HERB MARKER PARSLEY'}),0.0128738693746185,0.012651906109538872,0.011264635702791188,0.875,69.1595394736842,1.0,0.011101756716197047,7.898784751123689,0.998393871011781,0.7898832684824901,0.8733982465014332,0.8826754385964912,HERB MARKER BASIL,HERB MARKER PARSLEY,HERB MARKER BASIL → HERB MARKER PARSLEY
"frozenset({'HERB MARKER ROSEMARY', 'HERB MARKER THYME'})",frozenset({'HERB MARKER MINT'}),0.011875034681760169,0.012929360190888408,0.0105987459075523,0.8925233644859814,69.03074485580201,1.0,0.010445209306872531,9.184048561702172,0.9973573543200407,0.7460937499999999,0.891115558320321,0.8561329268781839,"HERB MARKER ROSEMARY, HERB MARKER THYME",HERB MARKER MINT,"HERB MARKER ROSEMARY, HERB MARKER THYME → HERB MARKER MINT"
frozenset({'HERB MARKER ROSEMARY'}),frozenset({'HERB MARKER MINT'}),0.012818378558348593,0.012929360190888408,0.011375617335331002,0.8874458874458874,68.63803578395853,1.0,0.011209883901886953,8.769742992150178,0.9982264632089829,0.7915057915057914,0.8859715728391239,0.8836371068130724,HERB MARKER ROSEMARY,HERB MARKER MINT,HERB MARKER ROSEMARY → HERB MARKER MINT
frozenset({'HERB MARKER MINT'}),frozenset({'HERB MARKER ROSEMARY'}),0.012929360190888408,0.012818378558348593,0.011375617335331002,0.8798283261802574,68.63803578395853,1.0,0.011209883901886953,8.214761349853736,0.9983386991504276,0.7915057915057914,0.8782679182739976,0.8836371068130724,HERB MARKER MINT,HERB MARKER ROSEMARY,HERB MARKER MINT → HERB MARKER ROSEMARY
frozenset({'HERB MARKER THYME'}),frozenset({'HERB MARKER BASIL'}),0.012762887742078685,0.0128738693746185,0.011264635702791188,0.8826086956521739,68.55815217391304,1.0,0.011100327953156748,8.408852223845843,0.9981531593020548,0.7837837837837839,0.8810777055679254,0.878804347826087,HERB MARKER THYME,HERB MARKER BASIL,HERB MARKER THYME → HERB MARKER BASIL
frozenset({'HERB MARKER BASIL'}),frozenset({'HERB MARKER THYME'}),0.0128738693746185,0.012762887742078685,0.011264635702791188,0.875,68.55815217391304,1.0,0.011100327953156748,7.897896898063371,0.9982653806927236,0.7837837837837839,0.8733840143892979,0.878804347826087,HERB MARKER BASIL,HERB MARKER THYME,HERB MARKER BASIL → HERB MARKER THYME
frozenset({'HERB MARKER BASIL'}),frozenset({'HERB MARKER MINT'}),0.0128738693746185,0.012929360190888408,0.01120914488652128,0.8706896551724138,67.3420526861033,1.0,0.01104269399232639,7.633346281190464,0.9979985406489381,0.7680608365019012,0.8689958554003862,0.8688212224359924,HERB MARKER BASIL,HERB MARKER MINT,HERB MARKER BASIL → HERB MARKER MINT
frozenset({'HERB MARKER MINT'}),frozenset({'HERB MARKER BASIL'}),0.012929360190888408,0.0128738693746185,0.01120914488652128,0.8669527896995708,67.3420526861033,1.0,0.01104269399232639,7.419367368893995,0.998054645806384,0.7680608365019012,0.8652176189316974,0.8688212224359924,HERB MARKER MINT,HERB MARKER BASIL,HERB MARKER MINT → HERB MARKER BASIL
frozenset({'HERB MARKER THYME'}),frozenset({'HERB MARKER MINT'}),0.012762887742078685,0.012929360190888408,0.011098163253981465,0.8695652173913043,67.25508490389998,1.0,0.010933147281288256,7.567541571869854,0.9978668989938733,0.7604562737642585,0.8678566889256069,0.8639671580518753,HERB MARKER THYME,HERB MARKER MINT,HERB MARKER THYME → HERB MARKER MINT
frozenset({'HERB MARKER MINT'}),frozenset({'HERB MARKER THYME'}),0.012929360190888408,0.012762887742078685,0.011098163253981465,0.8583690987124463,67.25508490389997,1.0,0.010933147281288256,6.970492338063501,0.9980351922644479,0.7604562737642585,0.8565381107243547,0.8639671580518753,HERB MARKER MINT,HERB MARKER THYME,HERB MARKER MINT → HERB MARKER THYME
"frozenset({'REGENCY TEA PLATE ROSES ', 'REGENCY TEA PLATE GREEN '})",frozenset({'REGENCY TEA PLATE PINK'}),0.01559291937184396,0.01476055712779535,0.012374452028189334,0.793594306049822,53.76452251625504,1.0,0.012144291851012125,4.773315231846368,0.9969456676154317,0.6882716049382716,0.790501998835474,0.815970085355738,"REGENCY TEA PLATE GREEN , REGENCY TEA PLATE ROSES ",REGENCY TEA PLATE PINK,"REGENCY TEA PLATE GREEN , REGENCY TEA PLATE ROSES  → REGENCY TEA PLATE PINK"
frozenset({'REGENCY SUGAR BOWL GREEN'}),frozenset({'REGENCY MILK JUG PINK '}),0.014205648965096277,0.015038011209144886,0.010931690805171744,0.76953125,51.17240832564576,1.0,0.010718066096801449,4.273733375092524,0.9945869723305248,0.596969696969697,0.7660125440140845,0.7482342596863469,REGENCY SUGAR BOWL GREEN,REGENCY MILK JUG PINK ,REGENCY SUGAR BOWL GREEN → REGENCY MILK JUG PINK 
frozenset({'REGENCY MILK JUG PINK '}),frozenset({'REGENCY SUGAR BOWL GREEN'}),0.015038011209144886,0.014205648965096277,0.010931690805171744,0.7269372693726938,51.17240832564576,1.0,0.010718066096801449,3.610138772033229,0.9954274683634804,0.596969696969697,0.7230023378196068,0.7482342596863469,REGENCY MILK JUG PINK ,REGENCY SUGAR BOWL GREEN,REGENCY MILK JUG PINK  → REGENCY SUGAR BOWL GREEN
"frozenset({'REGENCY TEA PLATE PINK', 'REGENCY TEA PLATE ROSES '})",frozenset({'REGENCY TEA PLATE GREEN '}),0.01309583263969813,0.018644914266688864,0.012374452028189334,0.9449152542372881,50.67951725181597,1.0,0.012130281351371256,17.815369248697007,0.9932759379282435,0.6389684813753581,0.9438686907893791,0.8043028652138822,"REGENCY TEA PLATE PINK, REGENCY TEA PLATE ROSES ",REGENCY TEA PLATE GREEN ,"REGENCY TEA PLATE PINK, REGENCY TEA PLATE ROSES  → REGENCY TEA PLATE GREEN "
frozenset({'REGENCY TEA PLATE PINK'}),frozenset({'REGENCY TEA PLATE GREEN '}),0.01476055712779535,0.018644914266688864,0.013373286721047666,0.9060150375939849,48.59314581095596,1.0,0.01309807739887136,10.441618112202427,0.9940943524762472,0.6675900277008309,0.9042294030240997,0.8116384711779447,REGENCY TEA PLATE PINK,REGENCY TEA PLATE GREEN ,REGENCY TEA PLATE PINK → REGENCY TEA PLATE GREEN 
frozenset({'REGENCY TEA PLATE GREEN '}),frozenset({'REGENCY TEA PLATE PINK'}),0.018644914266688864,0.01476055712779535,0.013373286721047666,0.7172619047619047,48.59314581095595,1.0,0.01309807739887136,3.484636345316428,0.9980291336282595,0.6675900277008309,0.7130260087701652,0.8116384711779447,REGENCY TEA PLATE GREEN ,REGENCY TEA PLATE PINK,REGENCY TEA PLATE GREEN  → REGENCY TEA PLATE PINK
frozenset({'JAM JAR WITH GREEN LID'}),frozenset({'JAM JAR WITH PINK LID'}),0.014594084678985628,0.015259974474224516,0.010487764275012485,0.7186311787072243,47.09255444175596,1.0,0.010265058915336493,3.499819279909174,0.9932609551936052,0.5415472779369627,0.7142709608634559,0.7029519529899757,JAM JAR WITH GREEN LID,JAM JAR WITH PINK LID,JAM JAR WITH GREEN LID → JAM JAR WITH PINK LID
frozenset({'JAM JAR WITH PINK LID'}),frozenset({'JAM JAR WITH GREEN LID'}),0.015259974474224516,0.014594084678985628,0.010487764275012485,0.6872727272727273,47.09255444175596,1.0,0.010265058915336493,3.1510072873637087,0.9939326069158144,0.5415472779369627,0.6826411655694232,0.7029519529899757,JAM JAR WITH PINK LID,JAM JAR WITH GREEN LID,JAM JAR WITH PINK LID → JAM JAR WITH GREEN LID
frozenset({'SET OF 3 WOODEN TREE DECORATIONS'}),frozenset({'SET OF 3 WOODEN STOCKING DECORATION'}),0.015315465290494424,0.016314299983352754,0.011597580600410632,0.7572463768115942,46.41611209701272,1.0,0.01134771950527688,4.052197809023801,0.9936743418524796,0.5789473684210527,0.7532203393987555,0.7340653652765454,SET OF 3 WOODEN TREE DECORATIONS,SET OF 3 WOODEN STOCKING DECORATION,SET OF 3 WOODEN TREE DECORATIONS → SET OF 3 WOODEN STOCKING DECORATION
frozenset({'SET OF 3 WOODEN STOCKING DECORATION'}),frozenset({'SET OF 3 WOODEN TREE DECORATIONS'}),0.016314299983352754,0.015315465290494424,0.011597580600410632,0.7108843537414966,46.416112097012714,1.0,0.01134771950527688,3.4058500377011134,0.9946833190146246,0.5789473684210527,0.7063875423373068,0.7340653652765454,SET OF 3 WOODEN STOCKING DECORATION,SET OF 3 WOODEN TREE DECORATIONS,SET OF 3 WOODEN STOCKING DECORATION → SET OF 3 WOODEN TREE DECORATIONS
"frozenset({""POPPY'S PLAYHOUSE BEDROOM "", ""POPPY'S PLAYHOUSE KITCHEN""})","frozenset({""POPPY'S PLAYHOUSE LIVINGROOM ""})",0.014705066311525442,0.015703901004383774,0.010432273458742577,0.7094339622641509,45.175651710114,1.0,0.010201346553123483,3.3875125484914057,0.9924583479123629,0.5222222222222221,0.704798141501988,0.6868724581638775,"POPPY'S PLAYHOUSE BEDROOM , POPPY'S PLAYHOUSE KITCHEN",POPPY'S PLAYHOUSE LIVINGROOM ,"POPPY'S PLAYHOUSE BEDROOM , POPPY'S PLAYHOUSE KITCHEN → POPPY'S PLAYHOUSE LIVINGROOM "
frozenset({'SET OF 3 WOODEN SLEIGH DECORATIONS'}),frozenset({'SET OF 3 WOODEN TREE DECORATIONS'}),0.015204483657954609,0.015315465290494424,0.010432273458742577,0.6861313868613138,44.799904792129475,1.0,0.010199409717019284,3.1372507268651684,0.992773126773599,0.5193370165745855,0.6812495758031973,0.6836454035755843,SET OF 3 WOODEN SLEIGH DECORATIONS,SET OF 3 WOODEN TREE DECORATIONS,SET OF 3 WOODEN SLEIGH DECORATIONS → SET OF 3 WOODEN TREE DECORATIONS
frozenset({'SET OF 3 WOODEN TREE DECORATIONS'}),frozenset({'SET OF 3 WOODEN SLEIGH DECORATIONS'}),0.015315465290494424,0.015204483657954609,0.010432273458742577,0.681159420289855,44.799904792129475,1.0,0.010199409717019284,3.088676846709142,0.992885020053596,0.5193370165745855,0.6762367675124515,0.6836454035755843,SET OF 3 WOODEN TREE DECORATIONS,SET OF 3 WOODEN SLEIGH DECORATIONS,SET OF 3 WOODEN TREE DECORATIONS → SET OF 3 WOODEN SLEIGH DECORATIONS
"frozenset({'REGENCY TEA PLATE PINK', 'REGENCY TEA PLATE GREEN '})",frozenset({'REGENCY TEA PLATE ROSES '}),0.013373286721047666,0.021142000998834693,0.012374452028189334,0.9253112033195021,43.766491325513776,1.0,0.012091713986975242,13.105820986626721,0.9903963237779133,0.5588972431077693,0.9236980269286138,0.7553065202949216,"REGENCY TEA PLATE GREEN , REGENCY TEA PLATE PINK",REGENCY TEA PLATE ROSES ,"REGENCY TEA PLATE GREEN , REGENCY TEA PLATE PINK → REGENCY TEA PLATE ROSES "
frozenset({'SET OF 3 WOODEN SLEIGH DECORATIONS'}),frozenset({'SET OF 3 WOODEN STOCKING DECORATION'}),0.015204483657954609,0.016314299983352754,0.010487764275012485,0.6897810218978102,42.28076120959333,1.0,0.010239713767524628,3.1709397859360156,0.991422650463615,0.49868073878627966,0.6846360803080295,0.6663190823774765,SET OF 3 WOODEN SLEIGH DECORATIONS,SET OF 3 WOODEN STOCKING DECORATION,SET OF 3 WOODEN SLEIGH DECORATIONS → SET OF 3 WOODEN STOCKING DECORATION
frozenset({'SET OF 3 WOODEN STOCKING DECORATION'}),frozenset({'SET OF 3 WOODEN SLEIGH DECORATIONS'}),0.016314299983352754,0.015204483657954609,0.010487764275012485,0.6428571428571429,42.28076120959333,1.0,0.010239713767524628,2.7574274457577275,0.9925411957904765,0.49868073878627966,0.6373431324408955,0.6663190823774765,SET OF 3 WOODEN STOCKING DECORATION,SET OF 3 WOODEN SLEIGH DECORATIONS,SET OF 3 WOODEN STOCKING DECORATION → SET OF 3 WOODEN SLEIGH DECORATIONS
frozenset({'REGENCY TEA PLATE PINK'}),frozenset({'REGENCY TEA PLATE ROSES '}),0.01476055712779535,0.021142000998834693,0.01309583263969813,0.8872180451127819,41.96471493694867,1.0,0.012783764926158923,8.679207591143662,0.9907951448386465,0.5742092457420924,0.8847821083320546,0.7533203086456297,REGENCY TEA PLATE PINK,REGENCY TEA PLATE ROSES ,REGENCY TEA PLATE PINK → REGENCY TEA PLATE ROSES 
frozenset({'REGENCY TEA PLATE ROSES '}),frozenset({'REGENCY TEA PLATE PINK'}),0.021142000998834693,0.01476055712779535,0.01309583263969813,0.6194225721784776,41.96471493694867,1.0,0.012783764926158923,2.5888015705814476,0.9972544102386717,0.5742092457420924,0.6137208771179017,0.7533203086456297,REGENCY TEA PLATE ROSES ,REGENCY TEA PLATE PINK,REGENCY TEA PLATE ROSES  → REGENCY TEA PLATE PINK
"frozenset({""POPPY'S PLAYHOUSE LIVINGROOM "", ""POPPY'S PLAYHOUSE KITCHEN""})","frozenset({""POPPY'S PLAYHOUSE BEDROOM ""})",0.012374452028189334,0.020198657122246267,0.010432273458742577,0.8430493273542601,41.73788991277781,1.0,0.010182326145149497,6.2427342703354025,0.9882702574757384,0.4711779448621555,0.8398137808376916,0.6797664219188884,"POPPY'S PLAYHOUSE KITCHEN, POPPY'S PLAYHOUSE LIVINGROOM ",POPPY'S PLAYHOUSE BEDROOM ,"POPPY'S PLAYHOUSE KITCHEN, POPPY'S PLAYHOUSE LIVINGROOM  → POPPY'S PLAYHOUSE BEDROOM "
"frozenset({""POPPY'S PLAYHOUSE LIVINGROOM "", ""POPPY'S PLAYHOUSE BEDROOM ""})","frozenset({""POPPY'S PLAYHOUSE KITCHEN""})",0.012318961211919428,0.020809056101215247,0.010432273458742577,0.8468468468468467,40.69607207207207,1.0,0.01017592750377505,6.393540868986179,0.9875937328537462,0.45965770171149145,0.843592147060355,0.67409009009009,"POPPY'S PLAYHOUSE BEDROOM , POPPY'S PLAYHOUSE LIVINGROOM ",POPPY'S PLAYHOUSE KITCHEN,"POPPY'S PLAYHOUSE BEDROOM , POPPY'S PLAYHOUSE LIVINGROOM  → POPPY'S PLAYHOUSE KITCHEN"
frozenset({'CHILDRENS CUTLERY POLKADOT PINK'}),frozenset({'CHILDRENS CUTLERY POLKADOT BLUE'}),0.018977859164308306,0.013373286721047666,0.010154819377393041,0.5350877192982456,40.01168377374973,1.0,0.009901023025437085,2.1221782134679352,0.9938688023857146,0.4575,0.5287860399029068,0.647211909441654,CHILDRENS CUTLERY POLKADOT PINK,CHILDRENS CUTLERY POLKADOT BLUE,CHILDRENS CUTLERY POLKADOT PINK → CHILDRENS CUTLERY POLKADOT BLUE
frozenset({'CHILDRENS CUTLERY POLKADOT BLUE'}),frozenset({'CHILDRENS CUTLERY POLKADOT PINK'}),0.013373286721047666,0.018977859164308306,0.010154819377393041,0.7593360995850622,40.01168377374972,1.0,0.009901023025437085,4.076316136920719,0.9882230909660883,0.4575,0.7546804599028455,0.647211909441654,CHILDRENS CUTLERY POLKADOT BLUE,CHILDRENS CUTLERY POLKADOT PINK,CHILDRENS CUTLERY POLKADOT BLUE → CHILDRENS CUTLERY POLKADOT PINK
frozenset({'REGENCY TEA PLATE GREEN '}),frozenset({'REGENCY TEA PLATE ROSES '}),0.018644914266688864,0.021142000998834693,0.01559291937184396,0.8363095238095238,39.55678196475441,1.0,0.015198728575794438,5.979932502988938,0.9932387360058438,0.6444954128440369,0.8327740322319405,0.786921166104237,REGENCY TEA PLATE GREEN ,REGENCY TEA PLATE ROSES ,REGENCY TEA PLATE GREEN  → REGENCY TEA PLATE ROSES 
frozenset({'REGENCY TEA PLATE ROSES '}),frozenset({'REGENCY TEA PLATE GREEN '}),0.021142000998834693,0.018644914266688864,0.01559291937184396,0.7375328083989502,39.55678196475441,1.0,0.015198728575794438,3.738962876643916,0.9957725082915728,0.6444954128440369,0.7325461543770133,0.786921166104237,REGENCY TEA PLATE ROSES ,REGENCY TEA PLATE GREEN ,REGENCY TEA PLATE ROSES  → REGENCY TEA PLATE GREEN 
"frozenset({""POPPY'S PLAYHOUSE LIVINGROOM ""})","frozenset({""POPPY'S PLAYHOUSE BEDROOM ""})",0.015703901004383774,0.020198657122246267,0.012318961211919428,0.784452296819788,38.83685395876209,1.0,0.012001763500050182,4.545635738268924,0.9897949025810117,0.5223529411764707,0.7800087693826471,0.697171203354949,POPPY'S PLAYHOUSE LIVINGROOM ,POPPY'S PLAYHOUSE BEDROOM ,POPPY'S PLAYHOUSE LIVINGROOM  → POPPY'S PLAYHOUSE BEDROOM 
"frozenset({""POPPY'S PLAYHOUSE BEDROOM ""})","frozenset({""POPPY'S PLAYHOUSE LIVINGROOM ""})",0.020198657122246267,0.015703901004383774,0.012318961211919428,0.6098901098901099,38.83685395876209,1.0,0.012001763500050182,2.52312521150989,0.9943355033121132,0.5223529411764707,0.6036661219038038,0.697171203354949,POPPY'S PLAYHOUSE BEDROOM ,POPPY'S PLAYHOUSE LIVINGROOM ,POPPY'S PLAYHOUSE BEDROOM  → POPPY'S PLAYHOUSE LIVINGROOM 
"frozenset({""POPPY'S PLAYHOUSE LIVINGROOM ""})","frozenset({""POPPY'S PLAYHOUSE KITCHEN""})",0.015703901004383774,0.020809056101215247,0.012374452028189334,0.7879858657243816,37.867448763250884,1.0,0.012047668671181181,4.618517285389267,0.9891252192475731,0.5126436781609195,0.7834802950367834,0.6913262661955242,POPPY'S PLAYHOUSE LIVINGROOM ,POPPY'S PLAYHOUSE KITCHEN,POPPY'S PLAYHOUSE LIVINGROOM  → POPPY'S PLAYHOUSE KITCHEN
"frozenset({""POPPY'S PLAYHOUSE KITCHEN""})","frozenset({""POPPY'S PLAYHOUSE LIVINGROOM ""})",0.020809056101215247,0.015703901004383774,0.012374452028189334,0.5946666666666667,37.867448763250884,1.0,0.012047668671181181,2.428362086337869,0.9942821681408508,0.5126436781609195,0.5881997970458902,0.6913262661955242,POPPY'S PLAYHOUSE KITCHEN,POPPY'S PLAYHOUSE LIVINGROOM ,POPPY'S PLAYHOUSE KITCHEN → POPPY'S PLAYHOUSE LIVINGROOM 
frozenset({'REGENCY SUGAR BOWL GREEN'}),frozenset({'REGENCY TEAPOT ROSES '}),0.014205648965096277,0.019699239775817102,0.010543255091282393,0.7421875,37.675946302816904,1.0,0.010263414606147873,3.8023787063241032,0.9874857422193255,0.45130641330166266,0.7370067325653799,0.638699383802817,REGENCY SUGAR BOWL GREEN,REGENCY TEAPOT ROSES ,REGENCY SUGAR BOWL GREEN → REGENCY TEAPOT ROSES 
frozenset({'REGENCY TEAPOT ROSES '}),frozenset({'REGENCY SUGAR BOWL GREEN'}),0.019699239775817102,0.014205648965096277,0.010543255091282393,0.5352112676056339,37.675946302816904,1.0,0.010263414606147873,2.120951482529642,0.9930195975617749,0.45130641330166266,0.5285134958356954,0.638699383802817,REGENCY TEAPOT ROSES ,REGENCY SUGAR BOWL GREEN,REGENCY TEAPOT ROSES  → REGENCY SUGAR BOWL GREEN
"frozenset({'SET/6 RED SPOTTY PAPER CUPS', 'SET/20 RED RETROSPOT PAPER NAPKINS '})",frozenset({'SET/6 RED SPOTTY PAPER PLATES'}),0.012318961211919428,0.023195161200821265,0.010709727540092116,0.8693693693693694,37.480634941161256,1.0,0.01042398724895498,7.4776094556350925,0.9854593915301175,0.43176733780760634,0.8662674206331538,0.6655459287038235,"SET/20 RED RETROSPOT PAPER NAPKINS , SET/6 RED SPOTTY PAPER CUPS",SET/6 RED SPOTTY PAPER PLATES,"SET/20 RED RETROSPOT PAPER NAPKINS , SET/6 RED SPOTTY PAPER CUPS → SET/6 RED SPOTTY PAPER PLATES"
"frozenset({'SET/20 RED RETROSPOT PAPER NAPKINS ', 'SET/6 RED SPOTTY PAPER PLATES'})",frozenset({'SET/6 RED SPOTTY PAPER CUPS'}),0.016092336718273127,0.017757061206370345,0.010709727540092116,0.6655172413793103,37.47901939655173,1.0,0.01042397493203222,2.936602600517037,0.9892375491769196,0.46282973621103113,0.6594704370881053,0.6343211206896552,"SET/20 RED RETROSPOT PAPER NAPKINS , SET/6 RED SPOTTY PAPER PLATES",SET/6 RED SPOTTY PAPER CUPS,"SET/20 RED RETROSPOT PAPER NAPKINS , SET/6 RED SPOTTY PAPER PLATES → SET/6 RED SPOTTY PAPER CUPS"
frozenset({'REGENCY TEAPOT ROSES '}),frozenset({'REGENCY MILK JUG PINK '}),0.019699239775817102,0.015038011209144886,0.0105987459075523,0.5380281690140846,35.77788056753808,1.0,0.01030250851899193,2.132082353785083,0.9915832050562414,0.43908045977011506,0.5309749652846657,0.6214126084922822,REGENCY TEAPOT ROSES ,REGENCY MILK JUG PINK ,REGENCY TEAPOT ROSES  → REGENCY MILK JUG PINK 
frozenset({'REGENCY MILK JUG PINK '}),frozenset({'REGENCY TEAPOT ROSES '}),0.015038011209144886,0.019699239775817102,0.0105987459075523,0.7047970479704797,35.77788056753807,1.0,0.01030250851899193,3.3207688252594196,0.9868906422830174,0.43908045977011506,0.6988649157407457,0.6214126084922822,REGENCY MILK JUG PINK ,REGENCY TEAPOT ROSES ,REGENCY MILK JUG PINK  → REGENCY TEAPOT ROSES 
"frozenset({'WOODEN TREE CHRISTMAS SCANDINAVIAN', 'WOODEN HEART CHRISTMAS SCANDINAVIAN'})",frozenset({'WOODEN STAR CHRISTMAS SCANDINAVIAN'}),0.0128738693746185,0.026580100993285612,0.012152488763109705,0.9439655172413793,35.51399287308329,1.0,0.011810300014957979,17.371801274581372,0.9845166231966755,0.4451219512195121,0.9424354455710237,0.700584011230293,"WOODEN HEART CHRISTMAS SCANDINAVIAN, WOODEN TREE CHRISTMAS SCANDINAVIAN",WOODEN STAR CHRISTMAS SCANDINAVIAN,"WOODEN HEART CHRISTMAS SCANDINAVIAN, WOODEN TREE CHRISTMAS SCANDINAVIAN → WOODEN STAR CHRISTMAS SCANDINAVIAN"
"frozenset({""POPPY'S PLAYHOUSE BEDROOM ""})","frozenset({""POPPY'S PLAYHOUSE KITCHEN""})",0.020198657122246267,0.020809056101215247,0.014705066311525442,0.728021978021978,34.98582417582418,1.0,0.014284751322299408,3.600257611910683,0.9914428079728922,0.5590717299578059,0.7222420982621595,0.7173443223443223,POPPY'S PLAYHOUSE BEDROOM ,POPPY'S PLAYHOUSE KITCHEN,POPPY'S PLAYHOUSE BEDROOM  → POPPY'S PLAYHOUSE KITCHEN
"frozenset({""POPPY'S PLAYHOUSE KITCHEN""})","frozenset({""POPPY'S PLAYHOUSE BEDROOM ""})",0.020809056101215247,0.020198657122246267,0.014705066311525442,0.7066666666666667,34.98582417582418,1.0,0.014284751322299408,3.340231850719615,0.9920608444053812,0.5590717299578059,0.7006195843008439,0.7173443223443223,POPPY'S PLAYHOUSE KITCHEN,POPPY'S PLAYHOUSE BEDROOM ,POPPY'S PLAYHOUSE KITCHEN → POPPY'S PLAYHOUSE BEDROOM 
"frozenset({'WOODEN STAR CHRISTMAS SCANDINAVIAN', 'WOODEN HEART CHRISTMAS SCANDINAVIAN'})",frozenset({'WOODEN TREE CHRISTMAS SCANDINAVIAN'}),0.020420620387325897,0.017202153043671273,0.012152488763109705,0.595108695652174,34.59501227208976,1.0,0.01180121012596021,2.427312803221,0.991337832549191,0.477124183006536,0.5880217833181541,0.6507801542776999,"WOODEN HEART CHRISTMAS SCANDINAVIAN, WOODEN STAR CHRISTMAS SCANDINAVIAN",WOODEN TREE CHRISTMAS SCANDINAVIAN,"WOODEN HEART CHRISTMAS SCANDINAVIAN, WOODEN STAR CHRISTMAS SCANDINAVIAN → WOODEN TREE CHRISTMAS SCANDINAVIAN"
frozenset({'SMALL CHOCOLATES PINK BOWL'}),frozenset({'SMALL MARSHMALLOWS PINK BOWL'}),0.01331779590477776,0.023861050996060153,0.010931690805171744,0.8208333333333333,34.400552325581394,1.0,0.010613914197932721,5.448217389789431,0.984035888419082,0.41649048625792806,0.8164537263373316,0.6394864341085271,SMALL CHOCOLATES PINK BOWL,SMALL MARSHMALLOWS PINK BOWL,SMALL CHOCOLATES PINK BOWL → SMALL MARSHMALLOWS PINK BOWL
frozenset({'SMALL MARSHMALLOWS PINK BOWL'}),frozenset({'SMALL CHOCOLATES PINK BOWL'}),0.023861050996060153,0.01331779590477776,0.010931690805171744,0.45813953488372094,34.400552325581394,1.0,0.010613914197932721,1.820915655626376,0.9946644381774599,0.41649048625792806,0.4508257442292073,0.6394864341085271,SMALL MARSHMALLOWS PINK BOWL,SMALL CHOCOLATES PINK BOWL,SMALL MARSHMALLOWS PINK BOWL → SMALL CHOCOLATES PINK BOWL
frozenset({'SET/6 RED SPOTTY PAPER PLATES'}),frozenset({'SET/6 RED SPOTTY PAPER CUPS'}),0.023195161200821265,0.017757061206370345,0.014094667332556461,0.6076555023923444,34.22049940191388,1.0,0.013682789435421852,2.503521636681324,0.9938297918974978,0.524793388429752,0.6005626692623264,0.7007027511961722,SET/6 RED SPOTTY PAPER PLATES,SET/6 RED SPOTTY PAPER CUPS,SET/6 RED SPOTTY PAPER PLATES → SET/6 RED SPOTTY PAPER CUPS
frozenset({'SET/6 RED SPOTTY PAPER CUPS'}),frozenset({'SET/6 RED SPOTTY PAPER PLATES'}),0.017757061206370345,0.023195161200821265,0.014094667332556461,0.79375,34.22049940191387,1.0,0.013682789435421852,4.736023460844502,0.9883275423293404,0.524793388429752,0.7888523973186389,0.7007027511961722,SET/6 RED SPOTTY PAPER CUPS,SET/6 RED SPOTTY PAPER PLATES,SET/6 RED SPOTTY PAPER CUPS → SET/6 RED SPOTTY PAPER PLATES
frozenset({'BLUE HAPPY BIRTHDAY BUNTING'}),frozenset({'PINK HAPPY BIRTHDAY BUNTING'}),0.01870040508295877,0.019699239775817102,0.012429942844459241,0.6646884272997032,33.74183140385339,1.0,0.012061559080825127,2.923551824739377,0.9888551899214786,0.4786324786324786,0.657950308409824,0.6478371713963305,BLUE HAPPY BIRTHDAY BUNTING,PINK HAPPY BIRTHDAY BUNTING,BLUE HAPPY BIRTHDAY BUNTING → PINK HAPPY BIRTHDAY BUNTING
frozenset({'PINK HAPPY BIRTHDAY BUNTING'}),frozenset({'BLUE HAPPY BIRTHDAY BUNTING'}),0.019699239775817102,0.01870040508295877,0.012429942844459241,0.6309859154929577,33.74183140385338,1.0,0.012061559080825127,2.659246993859157,0.98986274077728,0.4786324786324786,0.6239536973025668,0.6478371713963305,PINK HAPPY BIRTHDAY BUNTING,BLUE HAPPY BIRTHDAY BUNTING,PINK HAPPY BIRTHDAY BUNTING → BLUE HAPPY BIRTHDAY BUNTING
"frozenset({'KEY FOB , BACK DOOR '})","frozenset({'KEY FOB , SHED'})",0.016980189778591642,0.020476111203595805,0.011542089784140725,0.6797385620915033,33.19666294702163,1.0,0.011194401529976122,3.0585133670581603,0.9866296489285482,0.44539614561027835,0.6730437699666316,0.6217120994739359,"KEY FOB , BACK DOOR ","KEY FOB , SHED","KEY FOB , BACK DOOR  → KEY FOB , SHED"
"frozenset({'KEY FOB , SHED'})","frozenset({'KEY FOB , BACK DOOR '})",0.020476111203595805,0.016980189778591642,0.011542089784140725,0.5636856368563685,33.19666294702163,1.0,0.011194401529976122,2.2530081364701844,0.9901509308162946,0.44539614561027835,0.556148961997664,0.6217120994739359,"KEY FOB , SHED","KEY FOB , BACK DOOR ","KEY FOB , SHED → KEY FOB , BACK DOOR "
frozenset({'WOODEN TREE CHRISTMAS SCANDINAVIAN'}),frozenset({'WOODEN STAR CHRISTMAS SCANDINAVIAN'}),0.017202153043671273,0.026580100993285612,0.014594084678985628,0.8483870967741935,31.918129166947267,1.0,0.01413684971378289,6.420429121108117,0.9856247100414276,0.49999999999999994,0.8442471708452709,0.6987238197858441,WOODEN TREE CHRISTMAS SCANDINAVIAN,WOODEN STAR CHRISTMAS SCANDINAVIAN,WOODEN TREE CHRISTMAS SCANDINAVIAN → WOODEN STAR CHRISTMAS SCANDINAVIAN
frozenset({'WOODEN STAR CHRISTMAS SCANDINAVIAN'}),frozenset({'WOODEN TREE CHRISTMAS SCANDINAVIAN'}),0.026580100993285612,0.017202153043671273,0.014594084678985628,0.5490605427974947,31.918129166947264,1.0,0.01413684971378289,2.179445225426303,0.9951202393993686,0.49999999999999994,0.5411676382899696,0.6987238197858441,WOODEN STAR CHRISTMAS SCANDINAVIAN,WOODEN TREE CHRISTMAS SCANDINAVIAN,WOODEN STAR CHRISTMAS SCANDINAVIAN → WOODEN TREE CHRISTMAS SCANDINAVIAN
frozenset({'FELTCRAFT CUSHION RABBIT'}),frozenset({'FELTCRAFT CUSHION BUTTERFLY'}),0.020420620387325897,0.01825647855279951,0.011764053049220353,0.5760869565217391,31.555206819082862,1.0,0.011391244431084278,2.3159077941831394,0.9884951940393905,0.43711340206185567,0.5682038799162481,0.6102319281088939,FELTCRAFT CUSHION RABBIT,FELTCRAFT CUSHION BUTTERFLY,FELTCRAFT CUSHION RABBIT → FELTCRAFT CUSHION BUTTERFLY
frozenset({'FELTCRAFT CUSHION BUTTERFLY'}),frozenset({'FELTCRAFT CUSHION RABBIT'}),0.01825647855279951,0.020420620387325897,0.011764053049220353,0.6443768996960486,31.55520681908286,1.0,0.011391244431084278,2.7545437255775194,0.9863161689112231,0.43711340206185567,0.6369634684995463,0.6102319281088939,FELTCRAFT CUSHION BUTTERFLY,FELTCRAFT CUSHION RABBIT,FELTCRAFT CUSHION BUTTERFLY → FELTCRAFT CUSHION RABBIT
frozenset({'SET OF 12 MINI LOAF BAKING CASES'}),frozenset({'SET OF 6 SNACK LOAF BAKING CASES'}),0.021308473447644416,0.016869208146051827,0.01120914488652128,0.5260416666666666,31.183542351973685,1.0,0.010849687812658349,2.074297934461077,0.9890060106537955,0.4156378600823045,0.5179091762149347,0.5952576754385965,SET OF 12 MINI LOAF BAKING CASES,SET OF 6 SNACK LOAF BAKING CASES,SET OF 12 MINI LOAF BAKING CASES → SET OF 6 SNACK LOAF BAKING CASES
frozenset({'SET OF 6 SNACK LOAF BAKING CASES'}),frozenset({'SET OF 12 MINI LOAF BAKING CASES'}),0.016869208146051827,0.021308473447644416,0.01120914488652128,0.6644736842105263,31.18354235197368,1.0,0.010849687812658349,2.9168845497246676,0.9845402161709652,0.4156378600823045,0.6571684676054825,0.5952576754385965,SET OF 6 SNACK LOAF BAKING CASES,SET OF 12 MINI LOAF BAKING CASES,SET OF 6 SNACK LOAF BAKING CASES → SET OF 12 MINI LOAF BAKING CASES
frozenset({'SET OF 3 WOODEN TREE DECORATIONS'}),frozenset({'SET OF 3 WOODEN HEART DECORATIONS'}),0.015315465290494424,0.023639087730980522,0.01120914488652128,0.7318840579710144,30.960757297407632,1.0,0.010847101258878496,3.641562321435801,0.9827523580760443,0.40399999999999997,0.7253925892978489,0.6030312308634415,SET OF 3 WOODEN TREE DECORATIONS,SET OF 3 WOODEN HEART DECORATIONS,SET OF 3 WOODEN TREE DECORATIONS → SET OF 3 WOODEN HEART DECORATIONS
frozenset({'SET OF 3 WOODEN HEART DECORATIONS'}),frozenset({'SET OF 3 WOODEN TREE DECORATIONS'}),0.023639087730980522,0.015315465290494424,0.01120914488652128,0.47417840375586856,30.960757297407632,1.0,0.010847101258878496,1.8726589811886132,0.9911304685455758,0.40399999999999997,0.46599994443981446,0.6030312308634415,SET OF 3 WOODEN HEART DECORATIONS,SET OF 3 WOODEN TREE DECORATIONS,SET OF 3 WOODEN HEART DECORATIONS → SET OF 3 WOODEN TREE DECORATIONS
"frozenset({'DOTCOM POSTAGE', 'SKULL SHOULDER BAG'})",frozenset({'SUKI  SHOULDER BAG'}),0.012207979579379613,0.028133843848843015,0.0105987459075523,0.8681818181818182,30.85898332436794,1.0,0.010255288516356171,7.372777736319121,0.9795528870517599,0.35634328358208955,0.864365909869507,0.622453828223059,"DOTCOM POSTAGE, SKULL SHOULDER BAG",SUKI  SHOULDER BAG,"DOTCOM POSTAGE, SKULL SHOULDER BAG → SUKI  SHOULDER BAG"
frozenset({'SET OF 3 WOODEN STOCKING DECORATION'}),frozenset({'SET OF 3 WOODEN HEART DECORATIONS'}),0.016314299983352754,0.023639087730980522,0.011486598967870817,0.7040816326530612,29.784636389767176,1.0,0.011100943799294808,3.299426531115997,0.9824536876933001,0.40350877192982454,0.6969170276806375,0.5949985628054039,SET OF 3 WOODEN STOCKING DECORATION,SET OF 3 WOODEN HEART DECORATIONS,SET OF 3 WOODEN STOCKING DECORATION → SET OF 3 WOODEN HEART DECORATIONS
frozenset({'SET OF 3 WOODEN HEART DECORATIONS'}),frozenset({'SET OF 3 WOODEN STOCKING DECORATION'}),0.023639087730980522,0.016314299983352754,0.011486598967870817,0.4859154929577465,29.784636389767176,1.0,0.011100943799294808,1.9134708137310126,0.9898241842420649,0.40350877192982454,0.47738946796364584,0.5949985628054039,SET OF 3 WOODEN HEART DECORATIONS,SET OF 3 WOODEN STOCKING DECORATION,SET OF 3 WOODEN HEART DECORATIONS → SET OF 3 WOODEN STOCKING DECORATION
frozenset({'PINK VINTAGE PAISLEY PICNIC BAG'}),frozenset({'SCANDINAVIAN PAISLEY PICNIC BAG'}),0.021142000998834693,0.023195161200821265,0.014594084678985628,0.6902887139107612,29.76003089326753,1.0,0.014103692557709734,3.1539207083261624,0.9872707638188355,0.4906716417910448,0.6829343244552535,0.6597376583907872,PINK VINTAGE PAISLEY PICNIC BAG,SCANDINAVIAN PAISLEY PICNIC BAG,PINK VINTAGE PAISLEY PICNIC BAG → SCANDINAVIAN PAISLEY PICNIC BAG
frozenset({'SCANDINAVIAN PAISLEY PICNIC BAG'}),frozenset({'PINK VINTAGE PAISLEY PICNIC BAG'}),0.023195161200821265,0.021142000998834693,0.014594084678985628,0.6291866028708134,29.76003089326753,1.0,0.014103692557709734,2.6397589908547556,0.9893459224998158,0.4906716417910448,0.6211775380008463,0.6597376583907872,SCANDINAVIAN PAISLEY PICNIC BAG,PINK VINTAGE PAISLEY PICNIC BAG,SCANDINAVIAN PAISLEY PICNIC BAG → PINK VINTAGE PAISLEY PICNIC BAG
frozenset({'BLUE SPOT CERAMIC DRAWER KNOB'}),frozenset({'RED SPOT CERAMIC DRAWER KNOB'}),0.01908884079684812,0.018367460185339326,0.010432273458742577,0.5465116279069767,29.754338509098574,1.0,0.010081659935422189,2.1646256006169438,0.9851977386169553,0.3860369609856263,0.5380263451956827,0.5572437293613433,BLUE SPOT CERAMIC DRAWER KNOB,RED SPOT CERAMIC DRAWER KNOB,BLUE SPOT CERAMIC DRAWER KNOB → RED SPOT CERAMIC DRAWER KNOB
frozenset({'RED SPOT CERAMIC DRAWER KNOB'}),frozenset({'BLUE SPOT CERAMIC DRAWER KNOB'}),0.018367460185339326,0.01908884079684812,0.010432273458742577,0.5679758308157099,29.75433850909857,1.0,0.010081659935422189,2.270500655218484,0.9844737380176323,0.3860369609856263,0.5595685041087236,0.5572437293613433,RED SPOT CERAMIC DRAWER KNOB,BLUE SPOT CERAMIC DRAWER KNOB,RED SPOT CERAMIC DRAWER KNOB → BLUE SPOT CERAMIC DRAWER KNOB
frozenset({'RED SPOT CERAMIC DRAWER KNOB'}),frozenset({'WHITE SPOT RED CERAMIC DRAWER KNOB'}),0.018367460185339326,0.019643748959547194,0.010709727540092116,0.5830815709969789,29.682805059142815,1.0,0.010348921763186832,2.3514341963361587,0.9843912283219641,0.39227642276422764,0.5747276272675925,0.5641396555549867,RED SPOT CERAMIC DRAWER KNOB,WHITE SPOT RED CERAMIC DRAWER KNOB,RED SPOT CERAMIC DRAWER KNOB → WHITE SPOT RED CERAMIC DRAWER KNOB
frozenset({'WHITE SPOT RED CERAMIC DRAWER KNOB'}),frozenset({'RED SPOT CERAMIC DRAWER KNOB'}),0.019643748959547194,0.018367460185339326,0.010709727540092116,0.5451977401129944,29.682805059142815,1.0,0.010348921763186832,2.1583721682881363,0.9856727700806897,0.39227642276422764,0.5366878730681894,0.5641396555549867,WHITE SPOT RED CERAMIC DRAWER KNOB,RED SPOT CERAMIC DRAWER KNOB,WHITE SPOT RED CERAMIC DRAWER KNOB → RED SPOT CERAMIC DRAWER KNOB
frozenset({'BLUE SPOT CERAMIC DRAWER KNOB'}),frozenset({'WHITE SPOT BLUE CERAMIC DRAWER KNOB'}),0.01908884079684812,0.018311969369069418,0.010321291826202764,0.5406976744186047,29.527008456659626,1.0,0.009971737558239838,2.137346092006583,0.9849339491630276,0.38114754098360665,0.5321300543043173,0.5521670190274842,BLUE SPOT CERAMIC DRAWER KNOB,WHITE SPOT BLUE CERAMIC DRAWER KNOB,BLUE SPOT CERAMIC DRAWER KNOB → WHITE SPOT BLUE CERAMIC DRAWER KNOB
frozenset({'WHITE SPOT BLUE CERAMIC DRAWER KNOB'}),frozenset({'BLUE SPOT CERAMIC DRAWER KNOB'}),0.018311969369069418,0.01908884079684812,0.010321291826202764,0.5636363636363637,29.527008456659622,1.0,0.009971737558239838,2.2479214065072233,0.9841545090359413,0.38114754098360665,0.555144589528252,0.5521670190274842,WHITE SPOT BLUE CERAMIC DRAWER KNOB,BLUE SPOT CERAMIC DRAWER KNOB,WHITE SPOT BLUE CERAMIC DRAWER KNOB → BLUE SPOT CERAMIC DRAWER KNOB
"frozenset({'WOODEN STAR CHRISTMAS SCANDINAVIAN', 'WOODEN TREE CHRISTMAS SCANDINAVIAN'})",frozenset({'WOODEN HEART CHRISTMAS SCANDINAVIAN'}),0.014594084678985628,0.02824482548138283,0.012152488763109705,0.832699619771863,29.48149282496806,1.0,0.011740281388291232,5.808445702236276,0.9803882847064619,0.39602169981916807,0.8278369031469132,0.6314775112611771,"WOODEN STAR CHRISTMAS SCANDINAVIAN, WOODEN TREE CHRISTMAS SCANDINAVIAN",WOODEN HEART CHRISTMAS SCANDINAVIAN,"WOODEN STAR CHRISTMAS SCANDINAVIAN, WOODEN TREE CHRISTMAS SCANDINAVIAN → WOODEN HEART CHRISTMAS SCANDINAVIAN"
frozenset({'SMALL CHOCOLATES PINK BOWL'}),frozenset({'SMALL DOLLY MIX DESIGN ORANGE BOWL'}),0.01331779590477776,0.028300316297652738,0.011098163253981465,0.8333333333333333,29.44607843137255,1.0,0.010721265417488671,5.830198102214081,0.9790787919689556,0.3636363636363636,0.8284792416195533,0.6127450980392156,SMALL CHOCOLATES PINK BOWL,SMALL DOLLY MIX DESIGN ORANGE BOWL,SMALL CHOCOLATES PINK BOWL → SMALL DOLLY MIX DESIGN ORANGE BOWL
frozenset({'RED SPOT CERAMIC DRAWER KNOB'}),frozenset({'RED STRIPE CERAMIC DRAWER KNOB'}),0.018367460185339326,0.021363964263914324,0.011542089784140725,0.6283987915407855,29.413960058068817,1.0,0.011149688021122267,2.6335652668995477,0.984077542722964,0.40944881889763773,0.6202866082080117,0.5843292659002628,RED SPOT CERAMIC DRAWER KNOB,RED STRIPE CERAMIC DRAWER KNOB,RED SPOT CERAMIC DRAWER KNOB → RED STRIPE CERAMIC DRAWER KNOB
frozenset({'RED STRIPE CERAMIC DRAWER KNOB'}),frozenset({'RED SPOT CERAMIC DRAWER KNOB'}),0.021363964263914324,0.018367460185339326,0.011542089784140725,0.5402597402597402,29.413960058068817,1.0,0.011149688021122267,2.1351894227607024,0.9870907082540956,0.40944881889763773,0.5316574776269519,0.5843292659002628,RED STRIPE CERAMIC DRAWER KNOB,RED SPOT CERAMIC DRAWER KNOB,RED STRIPE CERAMIC DRAWER KNOB → RED SPOT CERAMIC DRAWER KNOB
frozenset({'SET OF 6 TEA TIME BAKING CASES'}),frozenset({'SET OF 12 MINI LOAF BAKING CASES'}),0.01786804283891016,0.021308473447644416,0.010765218356362021,0.6024844720496894,28.274407996894404,1.0,0.010384477639967731,2.462020871483269,0.9821819975850461,0.37890624999999994,0.5938296008849266,0.5538464026915113,SET OF 6 TEA TIME BAKING CASES,SET OF 12 MINI LOAF BAKING CASES,SET OF 6 TEA TIME BAKING CASES → SET OF 12 MINI LOAF BAKING CASES
frozenset({'SET OF 12 MINI LOAF BAKING CASES'}),frozenset({'SET OF 6 TEA TIME BAKING CASES'}),0.021308473447644416,0.01786804283891016,0.010765218356362021,0.5052083333333333,28.274407996894404,1.0,0.010384477639967731,1.9849403765782023,0.9856346983760125,0.37890624999999994,0.49620653002994514,0.5538464026915113,SET OF 12 MINI LOAF BAKING CASES,SET OF 6 TEA TIME BAKING CASES,SET OF 12 MINI LOAF BAKING CASES → SET OF 6 TEA TIME BAKING CASES
frozenset({'SET OF 3 WOODEN HEART DECORATIONS'}),frozenset({'SET OF 3 WOODEN SLEIGH DECORATIONS'}),0.023639087730980522,0.015204483657954609,0.010099328561123133,0.4272300469483568,28.098951372468388,1.0,0.009739908438028485,1.719356106400456,0.9877612583494937,0.35135135135135137,0.4183869203840839,0.5457318117953462,SET OF 3 WOODEN HEART DECORATIONS,SET OF 3 WOODEN SLEIGH DECORATIONS,SET OF 3 WOODEN HEART DECORATIONS → SET OF 3 WOODEN SLEIGH DECORATIONS
frozenset({'SET OF 3 WOODEN SLEIGH DECORATIONS'}),frozenset({'SET OF 3 WOODEN HEART DECORATIONS'}),0.015204483657954609,0.023639087730980522,0.010099328561123133,0.6642335766423357,28.098951372468385,1.0,0.009739908438028485,2.9078574995838187,0.9793012532067019,0.35135135135135137,0.6561041935022184,0.5457318117953462,SET OF 3 WOODEN SLEIGH DECORATIONS,SET OF 3 WOODEN HEART DECORATIONS,SET OF 3 WOODEN SLEIGH DECORATIONS → SET OF 3 WOODEN HEART DECORATIONS
frozenset({'SMALL MARSHMALLOWS PINK BOWL'}),frozenset({'SMALL DOLLY MIX DESIGN ORANGE BOWL'}),0.023861050996060153,0.028300316297652738,0.018589423450418956,0.7790697674418605,27.528659370725038,1.0,0.01791414816003603,4.39821962096852,0.9872305800880199,0.553719008264463,0.7726352737747569,0.7179662562699498,SMALL MARSHMALLOWS PINK BOWL,SMALL DOLLY MIX DESIGN ORANGE BOWL,SMALL MARSHMALLOWS PINK BOWL → SMALL DOLLY MIX DESIGN ORANGE BOWL
frozenset({'SMALL DOLLY MIX DESIGN ORANGE BOWL'}),frozenset({'SMALL MARSHMALLOWS PINK BOWL'}),0.028300316297652738,0.023861050996060153,0.018589423450418956,0.6568627450980392,27.528659370725034,1.0,0.01791414816003603,2.844747794240053,0.9917407991735685,0.553719008264463,0.6484749888813464,0.7179662562699498,SMALL DOLLY MIX DESIGN ORANGE BOWL,SMALL MARSHMALLOWS PINK BOWL,SMALL DOLLY MIX DESIGN ORANGE BOWL → SMALL MARSHMALLOWS PINK BOWL
frozenset({'FELTCRAFT PRINCESS CHARLOTTE DOLL'}),frozenset({'FELTCRAFT PRINCESS LOLA DOLL'}),0.022917707119471727,0.020476111203595805,0.012818378558348593,0.5593220338983051,27.315832988838366,1.0,0.01234911303883885,2.222765747653379,0.9859877741522448,0.4192377495462795,0.550110036986254,0.5926691470304534,FELTCRAFT PRINCESS CHARLOTTE DOLL,FELTCRAFT PRINCESS LOLA DOLL,FELTCRAFT PRINCESS CHARLOTTE DOLL → FELTCRAFT PRINCESS LOLA DOLL
frozenset({'FELTCRAFT PRINCESS LOLA DOLL'}),frozenset({'FELTCRAFT PRINCESS CHARLOTTE DOLL'}),0.020476111203595805,0.022917707119471727,0.012818378558348593,0.6260162601626016,27.315832988838363,1.0,0.01234911303883885,2.6126330874848906,0.983530066126939,0.4192377495462795,0.6172443789408362,0.5926691470304534,FELTCRAFT PRINCESS LOLA DOLL,FELTCRAFT PRINCESS CHARLOTTE DOLL,FELTCRAFT PRINCESS LOLA DOLL → FELTCRAFT PRINCESS CHARLOTTE DOLL
frozenset({'SET OF 6 SNACK LOAF BAKING CASES'}),frozenset({'SET OF 12 FAIRY CAKE BAKING CASES'}),0.016869208146051827,0.02619166527939626,0.01204150713056989,0.7138157894736842,27.25354733496878,1.0,0.011599674477280036,3.4027325718972814,0.9798365963175778,0.3881932021466905,0.7061185447663835,0.5867807760927743,SET OF 6 SNACK LOAF BAKING CASES,SET OF 12 FAIRY CAKE BAKING CASES,SET OF 6 SNACK LOAF BAKING CASES → SET OF 12 FAIRY CAKE BAKING CASES
frozenset({'SET OF 12 FAIRY CAKE BAKING CASES'}),frozenset({'SET OF 6 SNACK LOAF BAKING CASES'}),0.02619166527939626,0.016869208146051827,0.01204150713056989,0.4597457627118644,27.25354733496878,1.0,0.011599674477280036,1.819755818647308,0.9892167631750257,0.3881932021466905,0.450475723307022,0.5867807760927743,SET OF 12 FAIRY CAKE BAKING CASES,SET OF 6 SNACK LOAF BAKING CASES,SET OF 12 FAIRY CAKE BAKING CASES → SET OF 6 SNACK LOAF BAKING CASES
frozenset({'WOODEN HEART CHRISTMAS SCANDINAVIAN'}),frozenset({'WOODEN STAR CHRISTMAS SCANDINAVIAN'}),0.02824482548138283,0.026580100993285612,0.020420620387325897,0.7229862475442044,27.200282185791455,1.0,0.019669870073493016,3.51397679854197,0.9912328750968282,0.5935483870967742,0.7154221392654263,0.7456267354631252,WOODEN HEART CHRISTMAS SCANDINAVIAN,WOODEN STAR CHRISTMAS SCANDINAVIAN,WOODEN HEART CHRISTMAS SCANDINAVIAN → WOODEN STAR CHRISTMAS SCANDINAVIAN
frozenset({'WOODEN STAR CHRISTMAS SCANDINAVIAN'}),frozenset({'WOODEN HEART CHRISTMAS SCANDINAVIAN'}),0.026580100993285612,0.02824482548138283,0.020420620387325897,0.7682672233820459,27.20028218579145,1.0,0.019669870073493016,4.193429987337095,0.9895376871904945,0.5935483870967742,0.7615317286756423,0.7456267354631252,WOODEN STAR CHRISTMAS SCANDINAVIAN,WOODEN HEART CHRISTMAS SCANDINAVIAN,WOODEN STAR CHRISTMAS SCANDINAVIAN → WOODEN HEART CHRISTMAS SCANDINAVIAN
frozenset({'BLUE STRIPE CERAMIC DRAWER KNOB'}),frozenset({'RED STRIPE CERAMIC DRAWER KNOB'}),0.021363964263914324,0.021363964263914324,0.012374452028189334,0.5792207792207792,27.112045876201716,1.0,0.011918033059119525,2.3257708256690925,0.9841411828841737,0.4076782449725776,0.5700350228134305,0.5792207792207792,BLUE STRIPE CERAMIC DRAWER KNOB,RED STRIPE CERAMIC DRAWER KNOB,BLUE STRIPE CERAMIC DRAWER KNOB → RED STRIPE CERAMIC DRAWER KNOB
frozenset({'RED STRIPE CERAMIC DRAWER KNOB'}),frozenset({'BLUE STRIPE CERAMIC DRAWER KNOB'}),0.021363964263914324,0.021363964263914324,0.012374452028189334,0.5792207792207792,27.112045876201716,1.0,0.011918033059119525,2.3257708256690925,0.9841411828841737,0.4076782449725776,0.5700350228134305,0.5792207792207792,RED STRIPE CERAMIC DRAWER KNOB,BLUE STRIPE CERAMIC DRAWER KNOB,RED STRIPE CERAMIC DRAWER KNOB → BLUE STRIPE CERAMIC DRAWER KNOB
frozenset({'WHITE SPOT RED CERAMIC DRAWER KNOB'}),frozenset({'RED STRIPE CERAMIC DRAWER KNOB'}),0.019643748959547194,0.021363964263914324,0.01120914488652128,0.5706214689265537,26.709531146819284,1.0,0.01078947653574021,2.279191820069568,0.9818473441842402,0.37616387337057733,0.5612479865913713,0.5476483968009391,WHITE SPOT RED CERAMIC DRAWER KNOB,RED STRIPE CERAMIC DRAWER KNOB,WHITE SPOT RED CERAMIC DRAWER KNOB → RED STRIPE CERAMIC DRAWER KNOB
frozenset({'RED STRIPE CERAMIC DRAWER KNOB'}),frozenset({'WHITE SPOT RED CERAMIC DRAWER KNOB'}),0.021363964263914324,0.019643748959547194,0.01120914488652128,0.5246753246753246,26.70953114681928,1.0,0.01078947653574021,2.0624981237736297,0.9835732042244824,0.37616387337057733,0.5151510740914714,0.5476483968009391,RED STRIPE CERAMIC DRAWER KNOB,WHITE SPOT RED CERAMIC DRAWER KNOB,RED STRIPE CERAMIC DRAWER KNOB → WHITE SPOT RED CERAMIC DRAWER KNOB
frozenset({'WOODEN TREE CHRISTMAS SCANDINAVIAN'}),frozenset({'WOODEN HEART CHRISTMAS SCANDINAVIAN'}),0.017202153043671273,0.02824482548138283,0.0128738693746185,0.7483870967741936,26.496431966537806,1.0,0.012387997563995968,3.8621038987278378,0.9791017271557322,0.39522998296422485,0.7410737706125938,0.6020913872869003,WOODEN TREE CHRISTMAS SCANDINAVIAN,WOODEN HEART CHRISTMAS SCANDINAVIAN,WOODEN TREE CHRISTMAS SCANDINAVIAN → WOODEN HEART CHRISTMAS SCANDINAVIAN
frozenset({'WOODEN HEART CHRISTMAS SCANDINAVIAN'}),frozenset({'WOODEN TREE CHRISTMAS SCANDINAVIAN'}),0.02824482548138283,0.017202153043671273,0.0128738693746185,0.45579567779960706,26.496431966537802,1.0,0.012387997563995968,1.8059353938656004,0.9902278831461383,0.39522998296422485,0.44627033536371286,0.6020913872869003,WOODEN HEART CHRISTMAS SCANDINAVIAN,WOODEN TREE CHRISTMAS SCANDINAVIAN,WOODEN HEART CHRISTMAS SCANDINAVIAN → WOODEN TREE CHRISTMAS SCANDINAVIAN
frozenset({'BLUE STRIPE CERAMIC DRAWER KNOB'}),frozenset({'BLUE SPOT CERAMIC DRAWER KNOB'}),0.021363964263914324,0.01908884079684812,0.010709727540092116,0.5012987012987014,26.261348535185746,1.0,0.010301914227468702,1.9669312306938203,0.9829202984474762,0.36007462686567165,0.49159381660371654,0.5311726064633042,BLUE STRIPE CERAMIC DRAWER KNOB,BLUE SPOT CERAMIC DRAWER KNOB,BLUE STRIPE CERAMIC DRAWER KNOB → BLUE SPOT CERAMIC DRAWER KNOB
frozenset({'BLUE SPOT CERAMIC DRAWER KNOB'}),frozenset({'BLUE STRIPE CERAMIC DRAWER KNOB'}),0.01908884079684812,0.021363964263914324,0.010709727540092116,0.561046511627907,26.261348535185743,1.0,0.010301914227468702,2.2294754721404866,0.9806405149866882,0.36007462686567165,0.5514640046522177,0.5311726064633042,BLUE SPOT CERAMIC DRAWER KNOB,BLUE STRIPE CERAMIC DRAWER KNOB,BLUE SPOT CERAMIC DRAWER KNOB → BLUE STRIPE CERAMIC DRAWER KNOB
frozenset({'MODERN FLORAL STATIONERY SET'}),frozenset({'FLORAL FOLK STATIONERY SET'}),0.01936629487819766,0.022640253038122192,0.011486598967870817,0.5931232091690544,26.19772880498904,1.0,0.011048141151417532,2.402102476687995,0.9808236725910471,0.37636363636363634,0.5836980271637727,0.5502380751727625,MODERN FLORAL STATIONERY SET,FLORAL FOLK STATIONERY SET,MODERN FLORAL STATIONERY SET → FLORAL FOLK STATIONERY SET
frozenset({'FLORAL FOLK STATIONERY SET'}),frozenset({'MODERN FLORAL STATIONERY SET'}),0.022640253038122192,0.01936629487819766,0.011486598967870817,0.5073529411764706,26.19772880498904,1.0,0.011048141151417532,1.9905400581576882,0.9841092342036556,0.37636363636363634,0.4976237750645754,0.5502380751727625,FLORAL FOLK STATIONERY SET,MODERN FLORAL STATIONERY SET,FLORAL FOLK STATIONERY SET → MODERN FLORAL STATIONERY SET
frozenset({'SET OF 12 MINI LOAF BAKING CASES'}),frozenset({'SET OF 12 FAIRY CAKE BAKING CASES'}),0.021308473447644416,0.02619166527939626,0.014483103046445813,0.6796875,25.950526350635595,1.0,0.013924998642290208,3.0401821181521287,0.9823985495487216,0.438655462184874,0.6710723367428343,0.6163268008474576,SET OF 12 MINI LOAF BAKING CASES,SET OF 12 FAIRY CAKE BAKING CASES,SET OF 12 MINI LOAF BAKING CASES → SET OF 12 FAIRY CAKE BAKING CASES
frozenset({'SET OF 12 FAIRY CAKE BAKING CASES'}),frozenset({'SET OF 12 MINI LOAF BAKING CASES'}),0.02619166527939626,0.021308473447644416,0.014483103046445813,0.5529661016949152,25.95052635063559,1.0,0.013924998642290208,2.18930047645835,0.9873248172768139,0.438655462184874,0.5432330962546956,0.6163268008474576,SET OF 12 FAIRY CAKE BAKING CASES,SET OF 12 MINI LOAF BAKING CASES,SET OF 12 FAIRY CAKE BAKING CASES → SET OF 12 MINI LOAF BAKING CASES
frozenset({'SET OF 6 TEA TIME BAKING CASES'}),frozenset({'SET OF 12 FAIRY CAKE BAKING CASES'}),0.01786804283891016,0.02619166527939626,0.01204150713056989,0.6739130434782609,25.73005711127487,1.0,0.011573513333335242,2.9863455598098514,0.9786209900686936,0.3760831889081455,0.6651425697488028,0.5668294030950627,SET OF 6 TEA TIME BAKING CASES,SET OF 12 FAIRY CAKE BAKING CASES,SET OF 6 TEA TIME BAKING CASES → SET OF 12 FAIRY CAKE BAKING CASES
frozenset({'SET OF 12 FAIRY CAKE BAKING CASES'}),frozenset({'SET OF 6 TEA TIME BAKING CASES'}),0.02619166527939626,0.01786804283891016,0.01204150713056989,0.4597457627118644,25.73005711127487,1.0,0.011573513333335242,1.817906995215821,0.9869857486595138,0.3760831889081455,0.4499168534849714,0.5668294030950627,SET OF 12 FAIRY CAKE BAKING CASES,SET OF 6 TEA TIME BAKING CASES,SET OF 12 FAIRY CAKE BAKING CASES → SET OF 6 TEA TIME BAKING CASES
frozenset({'BLUE SPOT CERAMIC DRAWER KNOB'}),frozenset({'RED STRIPE CERAMIC DRAWER KNOB'}),0.01908884079684812,0.021363964263914324,0.010376782642472672,0.5436046511627908,25.44493355481728,1.0,0.009968969329849258,2.1442725878548634,0.9793949598847289,0.3450184501845019,0.5336413823205178,0.5146594684385383,BLUE SPOT CERAMIC DRAWER KNOB,RED STRIPE CERAMIC DRAWER KNOB,BLUE SPOT CERAMIC DRAWER KNOB → RED STRIPE CERAMIC DRAWER KNOB
frozenset({'RED STRIPE CERAMIC DRAWER KNOB'}),frozenset({'BLUE SPOT CERAMIC DRAWER KNOB'}),0.021363964263914324,0.01908884079684812,0.010376782642472672,0.4857142857142857,25.444933554817275,1.0,0.009968969329849258,1.9073272540061288,0.9816718476912197,0.3450184501845019,0.4757061233725826,0.5146594684385383,RED STRIPE CERAMIC DRAWER KNOB,BLUE SPOT CERAMIC DRAWER KNOB,RED STRIPE CERAMIC DRAWER KNOB → BLUE SPOT CERAMIC DRAWER KNOB
"frozenset({'DOTCOM POSTAGE', 'SUKI  SHOULDER BAG'})",frozenset({'SKULL SHOULDER BAG'}),0.018644914266688864,0.022362798956772654,0.0105987459075523,0.5684523809523809,25.419554236086494,1.0,0.010181793438240074,2.265421376210513,0.9789119361958176,0.3485401459854015,0.558581016979388,0.5211988951908306,"DOTCOM POSTAGE, SUKI  SHOULDER BAG",SKULL SHOULDER BAG,"DOTCOM POSTAGE, SUKI  SHOULDER BAG → SKULL SHOULDER BAG"
"frozenset({'DOTCOM POSTAGE', 'JAM MAKING SET PRINTED'})",frozenset({'SUKI  SHOULDER BAG'}),0.01642528161589257,0.028133843848843015,0.011597580600410632,0.7060810810810811,25.097213337597957,1.0,0.011135474292255839,3.3065791059855463,0.976189120062626,0.35185185185185186,0.6975726368711981,0.5591549389626314,"DOTCOM POSTAGE, JAM MAKING SET PRINTED",SUKI  SHOULDER BAG,"DOTCOM POSTAGE, JAM MAKING SET PRINTED → SUKI  SHOULDER BAG"
frozenset({'BEADED CRYSTAL HEART PINK ON STICK'}),frozenset({'DOTCOM POSTAGE'}),0.01143110815160091,0.03917651628655457,0.011153654070251373,0.9757281553398058,24.90594488297258,1.0,0.010705823075576814,39.58592752899397,0.9709479545857578,0.2827004219409283,0.9747384976828554,0.6302153524574383,BEADED CRYSTAL HEART PINK ON STICK,DOTCOM POSTAGE,BEADED CRYSTAL HEART PINK ON STICK → DOTCOM POSTAGE
"frozenset({'SUKI  SHOULDER BAG', 'GREEN REGENCY TEACUP AND SAUCER'})",frozenset({'DOTCOM POSTAGE'}),0.010543255091282393,0.03917651628655457,0.010154819377393041,0.9631578947368421,24.585082749366336,1.0,0.009741771372596117,26.07949455793637,0.9695471109595157,0.25666199158485276,0.9616556985880815,0.6111823468018488,"GREEN REGENCY TEACUP AND SAUCER, SUKI  SHOULDER BAG",DOTCOM POSTAGE,"GREEN REGENCY TEACUP AND SAUCER, SUKI  SHOULDER BAG → DOTCOM POSTAGE"
"frozenset({'SUKI  SHOULDER BAG', 'JAM MAKING SET PRINTED'})",frozenset({'DOTCOM POSTAGE'}),0.01204150713056989,0.03917651628655457,0.011597580600410632,0.9631336405529954,24.58446364929962,1.0,0.011125836300195199,26.06233699572724,0.9710164051086847,0.29271708683473396,0.961630455466678,0.6295838174436366,"JAM MAKING SET PRINTED, SUKI  SHOULDER BAG",DOTCOM POSTAGE,"JAM MAKING SET PRINTED, SUKI  SHOULDER BAG → DOTCOM POSTAGE"
"frozenset({'GREEN REGENCY TEACUP AND SAUCER', 'RED TOADSTOOL LED NIGHT LIGHT'})",frozenset({'DOTCOM POSTAGE'}),0.010820709172631929,0.03917651628655457,0.010265801009932856,0.9487179487179488,24.216495968620617,1.0,0.009841883320799171,18.736057932412212,0.9691931918454975,0.25837988826815644,0.946626979719674,0.605378804387303,"GREEN REGENCY TEACUP AND SAUCER, RED TOADSTOOL LED NIGHT LIGHT",DOTCOM POSTAGE,"GREEN REGENCY TEACUP AND SAUCER, RED TOADSTOOL LED NIGHT LIGHT → DOTCOM POSTAGE"
frozenset({'LARGE HEART MEASURING SPOONS'}),frozenset({'SMALL HEART MEASURING SPOONS'}),0.0189223683480384,0.024859885688918483,0.011375617335331002,0.6011730205278593,24.182453131545877,1.0,0.010905209421235159,2.4450204336770502,0.9771374572343009,0.351027397260274,0.591005463092958,0.5293811531210725,LARGE HEART MEASURING SPOONS,SMALL HEART MEASURING SPOONS,LARGE HEART MEASURING SPOONS → SMALL HEART MEASURING SPOONS
frozenset({'SMALL HEART MEASURING SPOONS'}),frozenset({'LARGE HEART MEASURING SPOONS'}),0.024859885688918483,0.0189223683480384,0.011375617335331002,0.4575892857142857,24.182453131545874,1.0,0.010905209421235159,1.8087357159674025,0.983087136169262,0.351027397260274,0.4471276311005171,0.5293811531210725,SMALL HEART MEASURING SPOONS,LARGE HEART MEASURING SPOONS,SMALL HEART MEASURING SPOONS → LARGE HEART MEASURING SPOONS
"frozenset({'RECYCLING BAG RETROSPOT ', 'SUKI  SHOULDER BAG'})",frozenset({'DOTCOM POSTAGE'}),0.011486598967870817,0.03917651628655457,0.010432273458742577,0.9082125603864734,23.182575850884756,1.0,0.009982268527200666,10.46791900677279,0.9679829873229041,0.2593103448275862,0.9044700289185467,0.5872507561139165,"RECYCLING BAG RETROSPOT , SUKI  SHOULDER BAG",DOTCOM POSTAGE,"RECYCLING BAG RETROSPOT , SUKI  SHOULDER BAG → DOTCOM POSTAGE"
"frozenset({'JUMBO STORAGE BAG SUKI', 'RED TOADSTOOL LED NIGHT LIGHT'})",frozenset({'DOTCOM POSTAGE'}),0.011264635702791188,0.03917651628655457,0.010099328561123133,0.8965517241379309,22.88492722477288,1.0,0.00965801937705063,9.287960342563297,0.9671982524154487,0.25034387895460797,0.8923337349517559,0.5771710462049429,"JUMBO STORAGE BAG SUKI, RED TOADSTOOL LED NIGHT LIGHT",DOTCOM POSTAGE,"JUMBO STORAGE BAG SUKI, RED TOADSTOOL LED NIGHT LIGHT → DOTCOM POSTAGE"
frozenset({'MODERN FLORAL STATIONERY SET'}),frozenset({'VINTAGE PAISLEY STATIONERY SET'}),0.01936629487819766,0.023417124465900892,0.010376782642472672,0.5358166189111748,22.88140115971157,1.0,0.009923279704866578,2.1038729849469173,0.9751820457389919,0.32020547945205485,0.5246861349734804,0.4894722904982415,MODERN FLORAL STATIONERY SET,VINTAGE PAISLEY STATIONERY SET,MODERN FLORAL STATIONERY SET → VINTAGE PAISLEY STATIONERY SET
frozenset({'VINTAGE PAISLEY STATIONERY SET'}),frozenset({'MODERN FLORAL STATIONERY SET'}),0.023417124465900892,0.01936629487819766,0.010376782642472672,0.44312796208530814,22.88140115971157,1.0,0.009923279704866578,1.7609677598357474,0.9792270647366025,0.32020547945205485,0.43213043259050127,0.4894722904982415,VINTAGE PAISLEY STATIONERY SET,MODERN FLORAL STATIONERY SET,VINTAGE PAISLEY STATIONERY SET → MODERN FLORAL STATIONERY SET
frozenset({'CHRISTMAS CRAFT WHITE FAIRY '}),frozenset({'CHRISTMAS CRAFT LITTLE FRIENDS'}),0.019865712224626825,0.0280228622163032,0.012707396925808778,0.6396648044692737,22.82653354720947,1.0,0.01215070280930933,2.697424925012119,0.9755717611655579,0.361198738170347,0.6292760585373819,0.5465650755019635,CHRISTMAS CRAFT WHITE FAIRY ,CHRISTMAS CRAFT LITTLE FRIENDS,CHRISTMAS CRAFT WHITE FAIRY  → CHRISTMAS CRAFT LITTLE FRIENDS
frozenset({'CHRISTMAS CRAFT LITTLE FRIENDS'}),frozenset({'CHRISTMAS CRAFT WHITE FAIRY '}),0.0280228622163032,0.019865712224626825,0.012707396925808778,0.4534653465346535,22.82653354720947,1.0,0.01215070280930933,1.7933616497339253,0.9837590784121518,0.361198738170347,0.4423879867463619,0.5465650755019635,CHRISTMAS CRAFT LITTLE FRIENDS,CHRISTMAS CRAFT WHITE FAIRY ,CHRISTMAS CRAFT LITTLE FRIENDS → CHRISTMAS CRAFT WHITE FAIRY 
frozenset({'FLORAL FOLK STATIONERY SET'}),frozenset({'VINTAGE PAISLEY STATIONERY SET'}),0.022640253038122192,0.023417124465900892,0.012096997946839797,0.5343137254901961,22.81722191246167,1.0,0.0115668283235066,2.0970832274626967,0.9783229339046378,0.3562091503267974,0.523147204219491,0.5254507016076573,FLORAL FOLK STATIONERY SET,VINTAGE PAISLEY STATIONERY SET,FLORAL FOLK STATIONERY SET → VINTAGE PAISLEY STATIONERY SET
frozenset({'VINTAGE PAISLEY STATIONERY SET'}),frozenset({'FLORAL FOLK STATIONERY SET'}),0.023417124465900892,0.022640253038122192,0.012096997946839797,0.5165876777251185,22.817221912461665,1.0,0.0115668283235066,2.0217932020485905,0.9791011895484054,0.3562091503267974,0.5053895724910215,0.5254507016076573,VINTAGE PAISLEY STATIONERY SET,FLORAL FOLK STATIONERY SET,VINTAGE PAISLEY STATIONERY SET → FLORAL FOLK STATIONERY SET
"frozenset({'JUMBO BAG RED RETROSPOT', 'SUKI  SHOULDER BAG'})",frozenset({'DOTCOM POSTAGE'}),0.015481937739304145,0.03917651628655457,0.013817213251206925,0.8924731182795699,22.780818788266473,1.0,0.013210684865215653,8.935658398535042,0.9711385277328456,0.3383152173913043,0.8880888284444776,0.6225821682049407,"JUMBO BAG RED RETROSPOT, SUKI  SHOULDER BAG",DOTCOM POSTAGE,"JUMBO BAG RED RETROSPOT, SUKI  SHOULDER BAG → DOTCOM POSTAGE"
frozenset({'FELTCRAFT CUSHION RABBIT'}),frozenset({'FELTCRAFT CUSHION OWL'}),0.020420620387325897,0.024859885688918483,0.011542089784140725,0.5652173913043478,22.736121894409937,1.0,0.011034435495615004,2.242822262915487,0.9759465595300865,0.3421052631578947,0.5541331934613128,0.514751552795031,FELTCRAFT CUSHION RABBIT,FELTCRAFT CUSHION OWL,FELTCRAFT CUSHION RABBIT → FELTCRAFT CUSHION OWL
frozenset({'FELTCRAFT CUSHION OWL'}),frozenset({'FELTCRAFT CUSHION RABBIT'}),0.024859885688918483,0.020420620387325897,0.011542089784140725,0.4642857142857143,22.736121894409937,1.0,0.011034435495615004,1.8285481752769916,0.9803894961238613,0.3421052631578947,0.45311804549611157,0.514751552795031,FELTCRAFT CUSHION OWL,FELTCRAFT CUSHION RABBIT,FELTCRAFT CUSHION OWL → FELTCRAFT CUSHION RABBIT
"frozenset({'JUMBO BAG RED RETROSPOT', 'RED TOADSTOOL LED NIGHT LIGHT'})",frozenset({'DOTCOM POSTAGE'}),0.014594084678985628,0.03917651628655457,0.012929360190888408,0.8859315589353612,22.61384224302287,1.0,0.012357614794774771,8.423219207221207,0.9699346048229729,0.31657608695652173,0.8812805442433812,0.6079799437736296,"JUMBO BAG RED RETROSPOT, RED TOADSTOOL LED NIGHT LIGHT",DOTCOM POSTAGE,"JUMBO BAG RED RETROSPOT, RED TOADSTOOL LED NIGHT LIGHT → DOTCOM POSTAGE"
frozenset({'CHRISTMAS CRAFT WHITE FAIRY '}),frozenset({'CHRISTMAS CRAFT TREE TOP ANGEL'}),0.019865712224626825,0.023805560179790245,0.010654236723822208,0.5363128491620112,22.5288901043091,1.0,0.01018132231594446,2.1052868039496087,0.9749812461076827,0.3226890756302522,0.5250053350812075,0.4919326483572294,CHRISTMAS CRAFT WHITE FAIRY ,CHRISTMAS CRAFT TREE TOP ANGEL,CHRISTMAS CRAFT WHITE FAIRY  → CHRISTMAS CRAFT TREE TOP ANGEL
frozenset({'CHRISTMAS CRAFT TREE TOP ANGEL'}),frozenset({'CHRISTMAS CRAFT WHITE FAIRY '}),0.023805560179790245,0.019865712224626825,0.010654236723822208,0.44755244755244755,22.5288901043091,1.0,0.01018132231594446,1.774167128504789,0.9789161977035016,0.3226890756302522,0.4363552430132287,0.4919326483572294,CHRISTMAS CRAFT TREE TOP ANGEL,CHRISTMAS CRAFT WHITE FAIRY ,CHRISTMAS CRAFT TREE TOP ANGEL → CHRISTMAS CRAFT WHITE FAIRY 
"frozenset({'JUMBO BAG VINTAGE LEAF', 'JUMBO BAG APPLES'})",frozenset({'JUMBO BAG PEARS'}),0.018811386715498583,0.030408967315909217,0.0128738693746185,0.6843657817109146,22.505393708416772,1.0,0.012301834530819976,3.071881869905672,0.9738863601792589,0.35419847328244275,0.6744666486700848,0.5538617229722456,"JUMBO BAG APPLES, JUMBO BAG VINTAGE LEAF",JUMBO BAG PEARS,"JUMBO BAG APPLES, JUMBO BAG VINTAGE LEAF → JUMBO BAG PEARS"
"frozenset({'JUMBO BAG RED RETROSPOT', 'GREEN REGENCY TEACUP AND SAUCER'})",frozenset({'DOTCOM POSTAGE'}),0.014427612230175905,0.03917651628655457,0.012596415293268964,0.8730769230769231,22.285721290041405,1.0,0.012031191707757384,7.5701244171362365,0.9691101648987399,0.3071718538565629,0.8679017748061929,0.597303334059708,"GREEN REGENCY TEACUP AND SAUCER, JUMBO BAG RED RETROSPOT",DOTCOM POSTAGE,"GREEN REGENCY TEACUP AND SAUCER, JUMBO BAG RED RETROSPOT → DOTCOM POSTAGE"
frozenset({'SKULL SHOULDER BAG'}),frozenset({'SUKI  SHOULDER BAG'}),0.022362798956772654,0.028133843848843015,0.013983685700016648,0.6253101736972705,22.226261617748545,1.0,0.013354534206143737,2.5937884829729554,0.9768533534426371,0.38297872340425543,0.614463551455893,0.5611757969078068,SKULL SHOULDER BAG,SUKI  SHOULDER BAG,SKULL SHOULDER BAG → SUKI  SHOULDER BAG
frozenset({'SUKI  SHOULDER BAG'}),frozenset({'SKULL SHOULDER BAG'}),0.028133843848843015,0.022362798956772654,0.013983685700016648,0.49704142011834324,22.226261617748545,1.0,0.013354534206143737,1.9437727879565347,0.9826540128441464,0.38297872340425543,0.48553657804249417,0.5611757969078068,SUKI  SHOULDER BAG,SKULL SHOULDER BAG,SUKI  SHOULDER BAG → SKULL SHOULDER BAG
"frozenset({'SUKI  SHOULDER BAG', 'JUMBO STORAGE BAG SUKI'})",frozenset({'DOTCOM POSTAGE'}),0.0128738693746185,0.03917651628655457,0.01120914488652128,0.8706896551724138,22.22478509328905,1.0,0.010704791533295562,7.430368274050646,0.9674601447440263,0.2744565217391305,0.865417168689695,0.5784043176711927,"JUMBO STORAGE BAG SUKI, SUKI  SHOULDER BAG",DOTCOM POSTAGE,"JUMBO STORAGE BAG SUKI, SUKI  SHOULDER BAG → DOTCOM POSTAGE"
"frozenset({'HAND WARMER BIRD DESIGN', 'HAND WARMER OWL DESIGN'})",frozenset({'HAND WARMER SCOTTY DOG DESIGN'}),0.016758226513512015,0.02974307752067033,0.010987181621441652,0.6556291390728477,22.043083423939905,1.0,0.010488740391141312,2.8174768325842074,0.9709049408242365,0.309375,0.6450725030158301,0.5125160620737372,"HAND WARMER BIRD DESIGN, HAND WARMER OWL DESIGN",HAND WARMER SCOTTY DOG DESIGN,"HAND WARMER BIRD DESIGN, HAND WARMER OWL DESIGN → HAND WARMER SCOTTY DOG DESIGN"
frozenset({'SKULL LUNCH BOX WITH CUTLERY '}),frozenset({'STRAWBERRY LUNCH BOX WITH CUTLERY'}),0.019588258143277287,0.024859885688918483,0.010709727540092116,0.5467422096317281,21.99294946377985,1.0,0.010222765681805216,2.151402877198824,0.9736020509548013,0.3174342105263158,0.535187011880349,0.48877289053014983,SKULL LUNCH BOX WITH CUTLERY ,STRAWBERRY LUNCH BOX WITH CUTLERY,SKULL LUNCH BOX WITH CUTLERY  → STRAWBERRY LUNCH BOX WITH CUTLERY
frozenset({'STRAWBERRY LUNCH BOX WITH CUTLERY'}),frozenset({'SKULL LUNCH BOX WITH CUTLERY '}),0.024859885688918483,0.019588258143277287,0.010709727540092116,0.4308035714285715,21.99294946377985,1.0,0.010222765681805216,1.7224488641247524,0.9788653636982548,0.3174342105263158,0.41943124070151044,0.48877289053014983,STRAWBERRY LUNCH BOX WITH CUTLERY,SKULL LUNCH BOX WITH CUTLERY ,STRAWBERRY LUNCH BOX WITH CUTLERY → SKULL LUNCH BOX WITH CUTLERY 
frozenset({'CHRISTMAS CRAFT TREE TOP ANGEL'}),frozenset({'CHRISTMAS CRAFT LITTLE FRIENDS'}),0.023805560179790245,0.0280228622163032,0.014427612230175905,0.6060606060606061,21.62736273627363,1.0,0.013760512297275729,2.4673265805278457,0.9770208049113234,0.38575667655786344,0.5947030247669663,0.5604560456045604,CHRISTMAS CRAFT TREE TOP ANGEL,CHRISTMAS CRAFT LITTLE FRIENDS,CHRISTMAS CRAFT TREE TOP ANGEL → CHRISTMAS CRAFT LITTLE FRIENDS
frozenset({'CHRISTMAS CRAFT LITTLE FRIENDS'}),frozenset({'CHRISTMAS CRAFT TREE TOP ANGEL'}),0.0280228622163032,0.023805560179790245,0.014427612230175905,0.5148514851485149,21.62736273627363,1.0,0.013760512297275729,2.012155886160024,0.9812599908654944,0.38575667655786344,0.5030206124295923,0.5604560456045604,CHRISTMAS CRAFT LITTLE FRIENDS,CHRISTMAS CRAFT TREE TOP ANGEL,CHRISTMAS CRAFT LITTLE FRIENDS → CHRISTMAS CRAFT TREE TOP ANGEL
frozenset({'TOILET METAL SIGN'}),frozenset({'BATHROOM METAL SIGN'}),0.021918872426613396,0.034237833638532826,0.015981355085733312,0.7291139240506329,21.295562439734933,1.0,0.015230900378046698,3.5651967823624253,0.9743996006530756,0.39779005524861877,0.7195105737368683,0.5979443202100814,TOILET METAL SIGN,BATHROOM METAL SIGN,TOILET METAL SIGN → BATHROOM METAL SIGN
frozenset({'BATHROOM METAL SIGN'}),frozenset({'TOILET METAL SIGN'}),0.034237833638532826,0.021918872426613396,0.015981355085733312,0.46677471636952994,21.295562439734933,1.0,0.015230900378046698,1.8342737255707584,0.9868287382849409,0.39779005524861877,0.45482509722542264,0.5979443202100814,BATHROOM METAL SIGN,TOILET METAL SIGN,BATHROOM METAL SIGN → TOILET METAL SIGN
"frozenset({'JUMBO BAG RED RETROSPOT', 'ROSES REGENCY TEACUP AND SAUCER '})",frozenset({'DOTCOM POSTAGE'}),0.013484268353587481,0.03917651628655457,0.011153654070251373,0.8271604938271605,21.113681670338895,1.0,0.01062538741148478,5.559050155770649,0.96565854493983,0.26871657754010697,0.820113153870012,0.5559315217011157,"JUMBO BAG RED RETROSPOT, ROSES REGENCY TEACUP AND SAUCER ",DOTCOM POSTAGE,"JUMBO BAG RED RETROSPOT, ROSES REGENCY TEACUP AND SAUCER  → DOTCOM POSTAGE"
frozenset({'KITCHEN METAL SIGN'}),frozenset({'BATHROOM METAL SIGN'}),0.016758226513512015,0.034237833638532826,0.012096997946839797,0.7218543046357615,21.08352742923996,1.0,0.011523232575393323,3.4721449314424166,0.9688050612751252,0.310984308131241,0.7119935890508537,0.5375884164994043,KITCHEN METAL SIGN,BATHROOM METAL SIGN,KITCHEN METAL SIGN → BATHROOM METAL SIGN
frozenset({'SET OF 60 VINTAGE LEAF CAKE CASES '}),frozenset({'SET OF 60 PANTRY DESIGN CAKE CASES '}),0.018367460185339326,0.030242494867099495,0.011264635702791188,0.6132930513595166,20.27918179550431,1.0,0.01070915788241441,2.5077322984296098,0.9684768049634231,0.30163447251114417,0.6012333530870823,0.49288505778985003,SET OF 60 VINTAGE LEAF CAKE CASES ,SET OF 60 PANTRY DESIGN CAKE CASES ,SET OF 60 VINTAGE LEAF CAKE CASES  → SET OF 60 PANTRY DESIGN CAKE CASES 
"frozenset({'GREEN REGENCY TEACUP AND SAUCER', 'JAM MAKING SET PRINTED'})",frozenset({'DOTCOM POSTAGE'}),0.013484268353587481,0.03917651628655457,0.010709727540092116,0.7942386831275721,20.27333613122093,1.0,0.010181460881325523,4.669602130847346,0.9636684917086205,0.25529100529100535,0.7858489927023954,0.533804893971718,"GREEN REGENCY TEACUP AND SAUCER, JAM MAKING SET PRINTED",DOTCOM POSTAGE,"GREEN REGENCY TEACUP AND SAUCER, JAM MAKING SET PRINTED → DOTCOM POSTAGE"
"frozenset({'HAND WARMER SCOTTY DOG DESIGN', 'HAND WARMER BIRD DESIGN'})",frozenset({'HAND WARMER OWL DESIGN'}),0.01559291937184396,0.03490372343377171,0.010987181621441652,0.704626334519573,20.187712518882712,1.0,0.01044293067616171,3.2673741411459063,0.9655201963262844,0.27808988764044945,0.6939438347732996,0.5097058540642381,"HAND WARMER BIRD DESIGN, HAND WARMER SCOTTY DOG DESIGN",HAND WARMER OWL DESIGN,"HAND WARMER BIRD DESIGN, HAND WARMER SCOTTY DOG DESIGN → HAND WARMER OWL DESIGN"
"frozenset({'JUMBO BAG RED RETROSPOT', 'BATHROOM METAL SIGN'})",frozenset({'DOTCOM POSTAGE'}),0.0128738693746185,0.03917651628655457,0.010154819377393041,0.7887931034482758,20.134335010256912,1.0,0.009650466024167323,4.549205065745291,0.9627276265463983,0.2423841059602649,0.7801813755265018,0.5239999511575657,"BATHROOM METAL SIGN, JUMBO BAG RED RETROSPOT",DOTCOM POSTAGE,"BATHROOM METAL SIGN, JUMBO BAG RED RETROSPOT → DOTCOM POSTAGE"
"frozenset({'PACK OF 72 RETROSPOT CAKE CASES', 'CHARLOTTE BAG PINK POLKADOT'})",frozenset({'WOODLAND CHARLOTTE BAG'}),0.013650740802397204,0.03778924587980689,0.010376782642472672,0.7601626016260162,20.115844704702553,1.0,0.009860931441849371,4.01192958497572,0.963439608294411,0.25270270270270273,0.750743382001294,0.5173793918555926,"CHARLOTTE BAG PINK POLKADOT, PACK OF 72 RETROSPOT CAKE CASES",WOODLAND CHARLOTTE BAG,"CHARLOTTE BAG PINK POLKADOT, PACK OF 72 RETROSPOT CAKE CASES → WOODLAND CHARLOTTE BAG"
"frozenset({'RECYCLING BAG RETROSPOT ', 'JUMBO BAG WOODLAND ANIMALS'})",frozenset({'DOTCOM POSTAGE'}),0.014205648965096277,0.03917651628655457,0.011153654070251373,0.78515625,20.041502523016998,1.0,0.010597126232209202,4.472196578738946,0.9637948730874196,0.26412614980289095,0.7763962333958995,0.5349293997875354,"JUMBO BAG WOODLAND ANIMALS, RECYCLING BAG RETROSPOT ",DOTCOM POSTAGE,"JUMBO BAG WOODLAND ANIMALS, RECYCLING BAG RETROSPOT  → DOTCOM POSTAGE"
"frozenset({'HAND WARMER SCOTTY DOG DESIGN', 'HAND WARMER OWL DESIGN'})",frozenset({'HAND WARMER BIRD DESIGN'}),0.018367460185339326,0.029854059153210145,0.010987181621441652,0.5981873111782477,20.03705117982008,1.0,0.0104388383785743,2.4144233565435145,0.9678697660608344,0.2950819672131148,0.5858224294882574,0.48310852547759975,"HAND WARMER OWL DESIGN, HAND WARMER SCOTTY DOG DESIGN",HAND WARMER BIRD DESIGN,"HAND WARMER OWL DESIGN, HAND WARMER SCOTTY DOG DESIGN → HAND WARMER BIRD DESIGN"
"frozenset({'RECYCLING BAG RETROSPOT ', 'DOTCOM POSTAGE'})",frozenset({'SUKI  SHOULDER BAG'}),0.01875589589922868,0.028133843848843015,0.010432273458742577,0.5562130177514792,19.770246139841042,1.0,0.009904598012268524,2.1899384051939403,0.9675665171862385,0.2861491628614916,0.5433661523866283,0.4635108481262327,"DOTCOM POSTAGE, RECYCLING BAG RETROSPOT ",SUKI  SHOULDER BAG,"DOTCOM POSTAGE, RECYCLING BAG RETROSPOT  → SUKI  SHOULDER BAG"
"frozenset({'JUMBO SHOPPER VINTAGE RED PAISLEY', 'RECYCLING BAG RETROSPOT '})",frozenset({'DOTCOM POSTAGE'}),0.014094667332556461,0.03917651628655457,0.010876199988901837,0.7716535433070867,19.69683924070398,1.0,0.01032402002459437,4.207744221779572,0.9628007898155604,0.2565445026178011,0.7623429687517764,0.5246369699538267,"JUMBO SHOPPER VINTAGE RED PAISLEY, RECYCLING BAG RETROSPOT ",DOTCOM POSTAGE,"JUMBO SHOPPER VINTAGE RED PAISLEY, RECYCLING BAG RETROSPOT  → DOTCOM POSTAGE"
